Created by PLY version 3.11 (http://www.dabeaz.com/ply)

Unused terminals:

    CASE
    CASE_HEADER
    COMMENT
    DE
    DO
    DOT
    DOWNTO
    ESAC
    LBRACKET
    MATRIX_DIM
    MATRIX_ROW
    NEG
    OD
    OF
    OR_EQUAL
    PSEUDO
    RBRACKET
    RETURN
    SEMICOLON
    TO
    WHILE

Grammar

Rule 0     S' -> stmts
Rule 1     stmts -> stmt
Rule 2     stmts -> stmts stmt
Rule 3     stmt -> DEFINE ID LPAREN args RPAREN COLON stmts
Rule 4     stmt -> BREAK
Rule 5     stmt -> expr
Rule 6     expr -> expr UPDATE expr
Rule 7     expr -> expr PLUS_EQUAL expr
Rule 8     stmt -> FOR ID IN RANGE LPAREN NUMBER COMMA NUMBER COMMA NUMBER RPAREN COLON stmts ENDFOR
Rule 9     stmt -> IF expr THEN stmts FI
Rule 10    stmt -> IF expr THEN stmts ELSE stmts FI
Rule 11    stmt -> IF expr FI
Rule 12    stmt -> IF expr THEN stmts ELSEIF expr THEN stmts ELSE stmts FI
Rule 13    stmt -> IF expr stmts FI
Rule 14    stmt -> IF expr stmts ELSE stmts FI
Rule 15    stmt -> IF expr stmts ELSE stmts
Rule 16    expr -> ID LPAREN args RPAREN
Rule 17    expr -> ID LPAREN RPAREN
Rule 18    args -> expr
Rule 19    args -> args COMMA expr
Rule 20    expr -> expr LBRACE expr RBRACE
Rule 21    expr -> expr LBRACE expr COLON expr RBRACE
Rule 22    expr -> expr QUEST expr COLON expr
Rule 23    expr -> NOT expr
Rule 24    expr -> MINUS expr
Rule 25    expr -> BITWISE_NOT expr
Rule 26    expr -> expr BITWISE_AND expr
Rule 27    expr -> expr BITWISE_OR expr
Rule 28    expr -> expr OP expr
Rule 29    expr -> expr PLUS expr
Rule 30    expr -> expr MINUS expr
Rule 31    expr -> expr TIMES expr
Rule 32    expr -> expr DIV expr
Rule 33    expr -> expr MOD expr
Rule 34    expr -> expr AND expr
Rule 35    expr -> expr OR expr
Rule 36    expr -> expr LSHIFT expr
Rule 37    expr -> expr RSHIFT expr
Rule 38    expr -> expr LSHIFT_LOGICAL expr
Rule 39    expr -> expr RSHIFT_LOGICAL expr
Rule 40    expr -> expr GREATER expr
Rule 41    expr -> expr LESS expr
Rule 42    expr -> expr LESS_EQUAL expr
Rule 43    expr -> expr GREATER_EQUAL expr
Rule 44    expr -> expr EQUAL expr
Rule 45    expr -> expr NOT_EQUAL expr
Rule 46    expr -> expr XOR expr
Rule 47    expr -> LPAREN expr RPAREN
Rule 48    expr -> ID
Rule 49    expr -> NUMBER

Terminals, with rules where they appear

AND                  : 34
BITWISE_AND          : 26
BITWISE_NOT          : 25
BITWISE_OR           : 27
BREAK                : 4
CASE                 : 
CASE_HEADER          : 
COLON                : 3 8 21 22
COMMA                : 8 8 19
COMMENT              : 
DE                   : 
DEFINE               : 3
DIV                  : 32
DO                   : 
DOT                  : 
DOWNTO               : 
ELSE                 : 10 12 14 15
ELSEIF               : 12
ENDFOR               : 8
EQUAL                : 44
ESAC                 : 
FI                   : 9 10 11 12 13 14
FOR                  : 8
GREATER              : 40
GREATER_EQUAL        : 43
ID                   : 3 8 16 17 48
IF                   : 9 10 11 12 13 14 15
IN                   : 8
LBRACE               : 20 21
LBRACKET             : 
LESS                 : 41
LESS_EQUAL           : 42
LPAREN               : 3 8 16 17 47
LSHIFT               : 36
LSHIFT_LOGICAL       : 38
MATRIX_DIM           : 
MATRIX_ROW           : 
MINUS                : 24 30
MOD                  : 33
NEG                  : 
NOT                  : 23
NOT_EQUAL            : 45
NUMBER               : 8 8 8 49
OD                   : 
OF                   : 
OP                   : 28
OR                   : 35
OR_EQUAL             : 
PLUS                 : 29
PLUS_EQUAL           : 7
PSEUDO               : 
QUEST                : 22
RANGE                : 8
RBRACE               : 20 21
RBRACKET             : 
RETURN               : 
RPAREN               : 3 8 16 17 47
RSHIFT               : 37
RSHIFT_LOGICAL       : 39
SEMICOLON            : 
THEN                 : 9 10 12 12
TIMES                : 31
TO                   : 
UPDATE               : 6
WHILE                : 
XOR                  : 46
error                : 

Nonterminals, with rules where they appear

args                 : 3 16 19
expr                 : 5 6 6 7 7 9 10 11 12 12 13 14 15 18 19 20 20 21 21 21 22 22 22 23 24 25 26 26 27 27 28 28 29 29 30 30 31 31 32 32 33 33 34 34 35 35 36 36 37 37 38 38 39 39 40 40 41 41 42 42 43 43 44 44 45 45 46 46 47
stmt                 : 1 2
stmts                : 2 3 8 9 10 10 12 12 12 13 14 14 15 15 0

Parsing method: LALR

state 0

    (0) S' -> . stmts
    (1) stmts -> . stmt
    (2) stmts -> . stmts stmt
    (3) stmt -> . DEFINE ID LPAREN args RPAREN COLON stmts
    (4) stmt -> . BREAK
    (5) stmt -> . expr
    (8) stmt -> . FOR ID IN RANGE LPAREN NUMBER COMMA NUMBER COMMA NUMBER RPAREN COLON stmts ENDFOR
    (9) stmt -> . IF expr THEN stmts FI
    (10) stmt -> . IF expr THEN stmts ELSE stmts FI
    (11) stmt -> . IF expr FI
    (12) stmt -> . IF expr THEN stmts ELSEIF expr THEN stmts ELSE stmts FI
    (13) stmt -> . IF expr stmts FI
    (14) stmt -> . IF expr stmts ELSE stmts FI
    (15) stmt -> . IF expr stmts ELSE stmts
    (6) expr -> . expr UPDATE expr
    (7) expr -> . expr PLUS_EQUAL expr
    (16) expr -> . ID LPAREN args RPAREN
    (17) expr -> . ID LPAREN RPAREN
    (20) expr -> . expr LBRACE expr RBRACE
    (21) expr -> . expr LBRACE expr COLON expr RBRACE
    (22) expr -> . expr QUEST expr COLON expr
    (23) expr -> . NOT expr
    (24) expr -> . MINUS expr
    (25) expr -> . BITWISE_NOT expr
    (26) expr -> . expr BITWISE_AND expr
    (27) expr -> . expr BITWISE_OR expr
    (28) expr -> . expr OP expr
    (29) expr -> . expr PLUS expr
    (30) expr -> . expr MINUS expr
    (31) expr -> . expr TIMES expr
    (32) expr -> . expr DIV expr
    (33) expr -> . expr MOD expr
    (34) expr -> . expr AND expr
    (35) expr -> . expr OR expr
    (36) expr -> . expr LSHIFT expr
    (37) expr -> . expr RSHIFT expr
    (38) expr -> . expr LSHIFT_LOGICAL expr
    (39) expr -> . expr RSHIFT_LOGICAL expr
    (40) expr -> . expr GREATER expr
    (41) expr -> . expr LESS expr
    (42) expr -> . expr LESS_EQUAL expr
    (43) expr -> . expr GREATER_EQUAL expr
    (44) expr -> . expr EQUAL expr
    (45) expr -> . expr NOT_EQUAL expr
    (46) expr -> . expr XOR expr
    (47) expr -> . LPAREN expr RPAREN
    (48) expr -> . ID
    (49) expr -> . NUMBER

    DEFINE          shift and go to state 3
    BREAK           shift and go to state 6
    FOR             shift and go to state 8
    IF              shift and go to state 10
    ID              shift and go to state 4
    NOT             shift and go to state 11
    MINUS           shift and go to state 12
    BITWISE_NOT     shift and go to state 13
    LPAREN          shift and go to state 5
    NUMBER          shift and go to state 9

    stmts                          shift and go to state 1
    stmt                           shift and go to state 2
    expr                           shift and go to state 7

state 1

    (0) S' -> stmts .
    (2) stmts -> stmts . stmt
    (3) stmt -> . DEFINE ID LPAREN args RPAREN COLON stmts
    (4) stmt -> . BREAK
    (5) stmt -> . expr
    (8) stmt -> . FOR ID IN RANGE LPAREN NUMBER COMMA NUMBER COMMA NUMBER RPAREN COLON stmts ENDFOR
    (9) stmt -> . IF expr THEN stmts FI
    (10) stmt -> . IF expr THEN stmts ELSE stmts FI
    (11) stmt -> . IF expr FI
    (12) stmt -> . IF expr THEN stmts ELSEIF expr THEN stmts ELSE stmts FI
    (13) stmt -> . IF expr stmts FI
    (14) stmt -> . IF expr stmts ELSE stmts FI
    (15) stmt -> . IF expr stmts ELSE stmts
    (6) expr -> . expr UPDATE expr
    (7) expr -> . expr PLUS_EQUAL expr
    (16) expr -> . ID LPAREN args RPAREN
    (17) expr -> . ID LPAREN RPAREN
    (20) expr -> . expr LBRACE expr RBRACE
    (21) expr -> . expr LBRACE expr COLON expr RBRACE
    (22) expr -> . expr QUEST expr COLON expr
    (23) expr -> . NOT expr
    (24) expr -> . MINUS expr
    (25) expr -> . BITWISE_NOT expr
    (26) expr -> . expr BITWISE_AND expr
    (27) expr -> . expr BITWISE_OR expr
    (28) expr -> . expr OP expr
    (29) expr -> . expr PLUS expr
    (30) expr -> . expr MINUS expr
    (31) expr -> . expr TIMES expr
    (32) expr -> . expr DIV expr
    (33) expr -> . expr MOD expr
    (34) expr -> . expr AND expr
    (35) expr -> . expr OR expr
    (36) expr -> . expr LSHIFT expr
    (37) expr -> . expr RSHIFT expr
    (38) expr -> . expr LSHIFT_LOGICAL expr
    (39) expr -> . expr RSHIFT_LOGICAL expr
    (40) expr -> . expr GREATER expr
    (41) expr -> . expr LESS expr
    (42) expr -> . expr LESS_EQUAL expr
    (43) expr -> . expr GREATER_EQUAL expr
    (44) expr -> . expr EQUAL expr
    (45) expr -> . expr NOT_EQUAL expr
    (46) expr -> . expr XOR expr
    (47) expr -> . LPAREN expr RPAREN
    (48) expr -> . ID
    (49) expr -> . NUMBER

    DEFINE          shift and go to state 3
    BREAK           shift and go to state 6
    FOR             shift and go to state 8
    IF              shift and go to state 10
    ID              shift and go to state 4
    NOT             shift and go to state 11
    MINUS           shift and go to state 12
    BITWISE_NOT     shift and go to state 13
    LPAREN          shift and go to state 5
    NUMBER          shift and go to state 9

    stmt                           shift and go to state 14
    expr                           shift and go to state 7

state 2

    (1) stmts -> stmt .

    DEFINE          reduce using rule 1 (stmts -> stmt .)
    BREAK           reduce using rule 1 (stmts -> stmt .)
    FOR             reduce using rule 1 (stmts -> stmt .)
    IF              reduce using rule 1 (stmts -> stmt .)
    ID              reduce using rule 1 (stmts -> stmt .)
    NOT             reduce using rule 1 (stmts -> stmt .)
    MINUS           reduce using rule 1 (stmts -> stmt .)
    BITWISE_NOT     reduce using rule 1 (stmts -> stmt .)
    LPAREN          reduce using rule 1 (stmts -> stmt .)
    NUMBER          reduce using rule 1 (stmts -> stmt .)
    $end            reduce using rule 1 (stmts -> stmt .)
    FI              reduce using rule 1 (stmts -> stmt .)
    ELSE            reduce using rule 1 (stmts -> stmt .)
    ELSEIF          reduce using rule 1 (stmts -> stmt .)
    ENDFOR          reduce using rule 1 (stmts -> stmt .)


state 3

    (3) stmt -> DEFINE . ID LPAREN args RPAREN COLON stmts

    ID              shift and go to state 15


state 4

    (16) expr -> ID . LPAREN args RPAREN
    (17) expr -> ID . LPAREN RPAREN
    (48) expr -> ID .

  ! shift/reduce conflict for LPAREN resolved as shift
    LPAREN          shift and go to state 16
    UPDATE          reduce using rule 48 (expr -> ID .)
    PLUS_EQUAL      reduce using rule 48 (expr -> ID .)
    LBRACE          reduce using rule 48 (expr -> ID .)
    QUEST           reduce using rule 48 (expr -> ID .)
    BITWISE_AND     reduce using rule 48 (expr -> ID .)
    BITWISE_OR      reduce using rule 48 (expr -> ID .)
    OP              reduce using rule 48 (expr -> ID .)
    PLUS            reduce using rule 48 (expr -> ID .)
    MINUS           reduce using rule 48 (expr -> ID .)
    TIMES           reduce using rule 48 (expr -> ID .)
    DIV             reduce using rule 48 (expr -> ID .)
    MOD             reduce using rule 48 (expr -> ID .)
    AND             reduce using rule 48 (expr -> ID .)
    OR              reduce using rule 48 (expr -> ID .)
    LSHIFT          reduce using rule 48 (expr -> ID .)
    RSHIFT          reduce using rule 48 (expr -> ID .)
    LSHIFT_LOGICAL  reduce using rule 48 (expr -> ID .)
    RSHIFT_LOGICAL  reduce using rule 48 (expr -> ID .)
    GREATER         reduce using rule 48 (expr -> ID .)
    LESS            reduce using rule 48 (expr -> ID .)
    LESS_EQUAL      reduce using rule 48 (expr -> ID .)
    GREATER_EQUAL   reduce using rule 48 (expr -> ID .)
    EQUAL           reduce using rule 48 (expr -> ID .)
    NOT_EQUAL       reduce using rule 48 (expr -> ID .)
    XOR             reduce using rule 48 (expr -> ID .)
    DEFINE          reduce using rule 48 (expr -> ID .)
    BREAK           reduce using rule 48 (expr -> ID .)
    FOR             reduce using rule 48 (expr -> ID .)
    IF              reduce using rule 48 (expr -> ID .)
    ID              reduce using rule 48 (expr -> ID .)
    NOT             reduce using rule 48 (expr -> ID .)
    BITWISE_NOT     reduce using rule 48 (expr -> ID .)
    NUMBER          reduce using rule 48 (expr -> ID .)
    $end            reduce using rule 48 (expr -> ID .)
    RPAREN          reduce using rule 48 (expr -> ID .)
    THEN            reduce using rule 48 (expr -> ID .)
    FI              reduce using rule 48 (expr -> ID .)
    COMMA           reduce using rule 48 (expr -> ID .)
    RBRACE          reduce using rule 48 (expr -> ID .)
    COLON           reduce using rule 48 (expr -> ID .)
    ELSE            reduce using rule 48 (expr -> ID .)
    ELSEIF          reduce using rule 48 (expr -> ID .)
    ENDFOR          reduce using rule 48 (expr -> ID .)

  ! LPAREN          [ reduce using rule 48 (expr -> ID .) ]


state 5

    (47) expr -> LPAREN . expr RPAREN
    (6) expr -> . expr UPDATE expr
    (7) expr -> . expr PLUS_EQUAL expr
    (16) expr -> . ID LPAREN args RPAREN
    (17) expr -> . ID LPAREN RPAREN
    (20) expr -> . expr LBRACE expr RBRACE
    (21) expr -> . expr LBRACE expr COLON expr RBRACE
    (22) expr -> . expr QUEST expr COLON expr
    (23) expr -> . NOT expr
    (24) expr -> . MINUS expr
    (25) expr -> . BITWISE_NOT expr
    (26) expr -> . expr BITWISE_AND expr
    (27) expr -> . expr BITWISE_OR expr
    (28) expr -> . expr OP expr
    (29) expr -> . expr PLUS expr
    (30) expr -> . expr MINUS expr
    (31) expr -> . expr TIMES expr
    (32) expr -> . expr DIV expr
    (33) expr -> . expr MOD expr
    (34) expr -> . expr AND expr
    (35) expr -> . expr OR expr
    (36) expr -> . expr LSHIFT expr
    (37) expr -> . expr RSHIFT expr
    (38) expr -> . expr LSHIFT_LOGICAL expr
    (39) expr -> . expr RSHIFT_LOGICAL expr
    (40) expr -> . expr GREATER expr
    (41) expr -> . expr LESS expr
    (42) expr -> . expr LESS_EQUAL expr
    (43) expr -> . expr GREATER_EQUAL expr
    (44) expr -> . expr EQUAL expr
    (45) expr -> . expr NOT_EQUAL expr
    (46) expr -> . expr XOR expr
    (47) expr -> . LPAREN expr RPAREN
    (48) expr -> . ID
    (49) expr -> . NUMBER

    ID              shift and go to state 4
    NOT             shift and go to state 11
    MINUS           shift and go to state 12
    BITWISE_NOT     shift and go to state 13
    LPAREN          shift and go to state 5
    NUMBER          shift and go to state 9

    expr                           shift and go to state 17

state 6

    (4) stmt -> BREAK .

    DEFINE          reduce using rule 4 (stmt -> BREAK .)
    BREAK           reduce using rule 4 (stmt -> BREAK .)
    FOR             reduce using rule 4 (stmt -> BREAK .)
    IF              reduce using rule 4 (stmt -> BREAK .)
    ID              reduce using rule 4 (stmt -> BREAK .)
    NOT             reduce using rule 4 (stmt -> BREAK .)
    MINUS           reduce using rule 4 (stmt -> BREAK .)
    BITWISE_NOT     reduce using rule 4 (stmt -> BREAK .)
    LPAREN          reduce using rule 4 (stmt -> BREAK .)
    NUMBER          reduce using rule 4 (stmt -> BREAK .)
    $end            reduce using rule 4 (stmt -> BREAK .)
    FI              reduce using rule 4 (stmt -> BREAK .)
    ELSE            reduce using rule 4 (stmt -> BREAK .)
    ELSEIF          reduce using rule 4 (stmt -> BREAK .)
    ENDFOR          reduce using rule 4 (stmt -> BREAK .)


state 7

    (5) stmt -> expr .
    (6) expr -> expr . UPDATE expr
    (7) expr -> expr . PLUS_EQUAL expr
    (20) expr -> expr . LBRACE expr RBRACE
    (21) expr -> expr . LBRACE expr COLON expr RBRACE
    (22) expr -> expr . QUEST expr COLON expr
    (26) expr -> expr . BITWISE_AND expr
    (27) expr -> expr . BITWISE_OR expr
    (28) expr -> expr . OP expr
    (29) expr -> expr . PLUS expr
    (30) expr -> expr . MINUS expr
    (31) expr -> expr . TIMES expr
    (32) expr -> expr . DIV expr
    (33) expr -> expr . MOD expr
    (34) expr -> expr . AND expr
    (35) expr -> expr . OR expr
    (36) expr -> expr . LSHIFT expr
    (37) expr -> expr . RSHIFT expr
    (38) expr -> expr . LSHIFT_LOGICAL expr
    (39) expr -> expr . RSHIFT_LOGICAL expr
    (40) expr -> expr . GREATER expr
    (41) expr -> expr . LESS expr
    (42) expr -> expr . LESS_EQUAL expr
    (43) expr -> expr . GREATER_EQUAL expr
    (44) expr -> expr . EQUAL expr
    (45) expr -> expr . NOT_EQUAL expr
    (46) expr -> expr . XOR expr

  ! shift/reduce conflict for MINUS resolved as shift
    DEFINE          reduce using rule 5 (stmt -> expr .)
    BREAK           reduce using rule 5 (stmt -> expr .)
    FOR             reduce using rule 5 (stmt -> expr .)
    IF              reduce using rule 5 (stmt -> expr .)
    ID              reduce using rule 5 (stmt -> expr .)
    NOT             reduce using rule 5 (stmt -> expr .)
    BITWISE_NOT     reduce using rule 5 (stmt -> expr .)
    LPAREN          reduce using rule 5 (stmt -> expr .)
    NUMBER          reduce using rule 5 (stmt -> expr .)
    $end            reduce using rule 5 (stmt -> expr .)
    FI              reduce using rule 5 (stmt -> expr .)
    ELSE            reduce using rule 5 (stmt -> expr .)
    ELSEIF          reduce using rule 5 (stmt -> expr .)
    ENDFOR          reduce using rule 5 (stmt -> expr .)
    UPDATE          shift and go to state 18
    PLUS_EQUAL      shift and go to state 19
    LBRACE          shift and go to state 20
    QUEST           shift and go to state 21
    BITWISE_AND     shift and go to state 22
    BITWISE_OR      shift and go to state 23
    OP              shift and go to state 24
    PLUS            shift and go to state 25
    MINUS           shift and go to state 26
    TIMES           shift and go to state 27
    DIV             shift and go to state 28
    MOD             shift and go to state 29
    AND             shift and go to state 30
    OR              shift and go to state 31
    LSHIFT          shift and go to state 32
    RSHIFT          shift and go to state 33
    LSHIFT_LOGICAL  shift and go to state 34
    RSHIFT_LOGICAL  shift and go to state 35
    GREATER         shift and go to state 36
    LESS            shift and go to state 37
    LESS_EQUAL      shift and go to state 38
    GREATER_EQUAL   shift and go to state 39
    EQUAL           shift and go to state 40
    NOT_EQUAL       shift and go to state 41
    XOR             shift and go to state 42

  ! MINUS           [ reduce using rule 5 (stmt -> expr .) ]


state 8

    (8) stmt -> FOR . ID IN RANGE LPAREN NUMBER COMMA NUMBER COMMA NUMBER RPAREN COLON stmts ENDFOR

    ID              shift and go to state 43


state 9

    (49) expr -> NUMBER .

    UPDATE          reduce using rule 49 (expr -> NUMBER .)
    PLUS_EQUAL      reduce using rule 49 (expr -> NUMBER .)
    LBRACE          reduce using rule 49 (expr -> NUMBER .)
    QUEST           reduce using rule 49 (expr -> NUMBER .)
    BITWISE_AND     reduce using rule 49 (expr -> NUMBER .)
    BITWISE_OR      reduce using rule 49 (expr -> NUMBER .)
    OP              reduce using rule 49 (expr -> NUMBER .)
    PLUS            reduce using rule 49 (expr -> NUMBER .)
    MINUS           reduce using rule 49 (expr -> NUMBER .)
    TIMES           reduce using rule 49 (expr -> NUMBER .)
    DIV             reduce using rule 49 (expr -> NUMBER .)
    MOD             reduce using rule 49 (expr -> NUMBER .)
    AND             reduce using rule 49 (expr -> NUMBER .)
    OR              reduce using rule 49 (expr -> NUMBER .)
    LSHIFT          reduce using rule 49 (expr -> NUMBER .)
    RSHIFT          reduce using rule 49 (expr -> NUMBER .)
    LSHIFT_LOGICAL  reduce using rule 49 (expr -> NUMBER .)
    RSHIFT_LOGICAL  reduce using rule 49 (expr -> NUMBER .)
    GREATER         reduce using rule 49 (expr -> NUMBER .)
    LESS            reduce using rule 49 (expr -> NUMBER .)
    LESS_EQUAL      reduce using rule 49 (expr -> NUMBER .)
    GREATER_EQUAL   reduce using rule 49 (expr -> NUMBER .)
    EQUAL           reduce using rule 49 (expr -> NUMBER .)
    NOT_EQUAL       reduce using rule 49 (expr -> NUMBER .)
    XOR             reduce using rule 49 (expr -> NUMBER .)
    DEFINE          reduce using rule 49 (expr -> NUMBER .)
    BREAK           reduce using rule 49 (expr -> NUMBER .)
    FOR             reduce using rule 49 (expr -> NUMBER .)
    IF              reduce using rule 49 (expr -> NUMBER .)
    ID              reduce using rule 49 (expr -> NUMBER .)
    NOT             reduce using rule 49 (expr -> NUMBER .)
    BITWISE_NOT     reduce using rule 49 (expr -> NUMBER .)
    LPAREN          reduce using rule 49 (expr -> NUMBER .)
    NUMBER          reduce using rule 49 (expr -> NUMBER .)
    $end            reduce using rule 49 (expr -> NUMBER .)
    RPAREN          reduce using rule 49 (expr -> NUMBER .)
    THEN            reduce using rule 49 (expr -> NUMBER .)
    FI              reduce using rule 49 (expr -> NUMBER .)
    COMMA           reduce using rule 49 (expr -> NUMBER .)
    RBRACE          reduce using rule 49 (expr -> NUMBER .)
    COLON           reduce using rule 49 (expr -> NUMBER .)
    ELSE            reduce using rule 49 (expr -> NUMBER .)
    ELSEIF          reduce using rule 49 (expr -> NUMBER .)
    ENDFOR          reduce using rule 49 (expr -> NUMBER .)


state 10

    (9) stmt -> IF . expr THEN stmts FI
    (10) stmt -> IF . expr THEN stmts ELSE stmts FI
    (11) stmt -> IF . expr FI
    (12) stmt -> IF . expr THEN stmts ELSEIF expr THEN stmts ELSE stmts FI
    (13) stmt -> IF . expr stmts FI
    (14) stmt -> IF . expr stmts ELSE stmts FI
    (15) stmt -> IF . expr stmts ELSE stmts
    (6) expr -> . expr UPDATE expr
    (7) expr -> . expr PLUS_EQUAL expr
    (16) expr -> . ID LPAREN args RPAREN
    (17) expr -> . ID LPAREN RPAREN
    (20) expr -> . expr LBRACE expr RBRACE
    (21) expr -> . expr LBRACE expr COLON expr RBRACE
    (22) expr -> . expr QUEST expr COLON expr
    (23) expr -> . NOT expr
    (24) expr -> . MINUS expr
    (25) expr -> . BITWISE_NOT expr
    (26) expr -> . expr BITWISE_AND expr
    (27) expr -> . expr BITWISE_OR expr
    (28) expr -> . expr OP expr
    (29) expr -> . expr PLUS expr
    (30) expr -> . expr MINUS expr
    (31) expr -> . expr TIMES expr
    (32) expr -> . expr DIV expr
    (33) expr -> . expr MOD expr
    (34) expr -> . expr AND expr
    (35) expr -> . expr OR expr
    (36) expr -> . expr LSHIFT expr
    (37) expr -> . expr RSHIFT expr
    (38) expr -> . expr LSHIFT_LOGICAL expr
    (39) expr -> . expr RSHIFT_LOGICAL expr
    (40) expr -> . expr GREATER expr
    (41) expr -> . expr LESS expr
    (42) expr -> . expr LESS_EQUAL expr
    (43) expr -> . expr GREATER_EQUAL expr
    (44) expr -> . expr EQUAL expr
    (45) expr -> . expr NOT_EQUAL expr
    (46) expr -> . expr XOR expr
    (47) expr -> . LPAREN expr RPAREN
    (48) expr -> . ID
    (49) expr -> . NUMBER

    ID              shift and go to state 4
    NOT             shift and go to state 11
    MINUS           shift and go to state 12
    BITWISE_NOT     shift and go to state 13
    LPAREN          shift and go to state 5
    NUMBER          shift and go to state 9

    expr                           shift and go to state 44

state 11

    (23) expr -> NOT . expr
    (6) expr -> . expr UPDATE expr
    (7) expr -> . expr PLUS_EQUAL expr
    (16) expr -> . ID LPAREN args RPAREN
    (17) expr -> . ID LPAREN RPAREN
    (20) expr -> . expr LBRACE expr RBRACE
    (21) expr -> . expr LBRACE expr COLON expr RBRACE
    (22) expr -> . expr QUEST expr COLON expr
    (23) expr -> . NOT expr
    (24) expr -> . MINUS expr
    (25) expr -> . BITWISE_NOT expr
    (26) expr -> . expr BITWISE_AND expr
    (27) expr -> . expr BITWISE_OR expr
    (28) expr -> . expr OP expr
    (29) expr -> . expr PLUS expr
    (30) expr -> . expr MINUS expr
    (31) expr -> . expr TIMES expr
    (32) expr -> . expr DIV expr
    (33) expr -> . expr MOD expr
    (34) expr -> . expr AND expr
    (35) expr -> . expr OR expr
    (36) expr -> . expr LSHIFT expr
    (37) expr -> . expr RSHIFT expr
    (38) expr -> . expr LSHIFT_LOGICAL expr
    (39) expr -> . expr RSHIFT_LOGICAL expr
    (40) expr -> . expr GREATER expr
    (41) expr -> . expr LESS expr
    (42) expr -> . expr LESS_EQUAL expr
    (43) expr -> . expr GREATER_EQUAL expr
    (44) expr -> . expr EQUAL expr
    (45) expr -> . expr NOT_EQUAL expr
    (46) expr -> . expr XOR expr
    (47) expr -> . LPAREN expr RPAREN
    (48) expr -> . ID
    (49) expr -> . NUMBER

    ID              shift and go to state 4
    NOT             shift and go to state 11
    MINUS           shift and go to state 12
    BITWISE_NOT     shift and go to state 13
    LPAREN          shift and go to state 5
    NUMBER          shift and go to state 9

    expr                           shift and go to state 45

state 12

    (24) expr -> MINUS . expr
    (6) expr -> . expr UPDATE expr
    (7) expr -> . expr PLUS_EQUAL expr
    (16) expr -> . ID LPAREN args RPAREN
    (17) expr -> . ID LPAREN RPAREN
    (20) expr -> . expr LBRACE expr RBRACE
    (21) expr -> . expr LBRACE expr COLON expr RBRACE
    (22) expr -> . expr QUEST expr COLON expr
    (23) expr -> . NOT expr
    (24) expr -> . MINUS expr
    (25) expr -> . BITWISE_NOT expr
    (26) expr -> . expr BITWISE_AND expr
    (27) expr -> . expr BITWISE_OR expr
    (28) expr -> . expr OP expr
    (29) expr -> . expr PLUS expr
    (30) expr -> . expr MINUS expr
    (31) expr -> . expr TIMES expr
    (32) expr -> . expr DIV expr
    (33) expr -> . expr MOD expr
    (34) expr -> . expr AND expr
    (35) expr -> . expr OR expr
    (36) expr -> . expr LSHIFT expr
    (37) expr -> . expr RSHIFT expr
    (38) expr -> . expr LSHIFT_LOGICAL expr
    (39) expr -> . expr RSHIFT_LOGICAL expr
    (40) expr -> . expr GREATER expr
    (41) expr -> . expr LESS expr
    (42) expr -> . expr LESS_EQUAL expr
    (43) expr -> . expr GREATER_EQUAL expr
    (44) expr -> . expr EQUAL expr
    (45) expr -> . expr NOT_EQUAL expr
    (46) expr -> . expr XOR expr
    (47) expr -> . LPAREN expr RPAREN
    (48) expr -> . ID
    (49) expr -> . NUMBER

    ID              shift and go to state 4
    NOT             shift and go to state 11
    MINUS           shift and go to state 12
    BITWISE_NOT     shift and go to state 13
    LPAREN          shift and go to state 5
    NUMBER          shift and go to state 9

    expr                           shift and go to state 46

state 13

    (25) expr -> BITWISE_NOT . expr
    (6) expr -> . expr UPDATE expr
    (7) expr -> . expr PLUS_EQUAL expr
    (16) expr -> . ID LPAREN args RPAREN
    (17) expr -> . ID LPAREN RPAREN
    (20) expr -> . expr LBRACE expr RBRACE
    (21) expr -> . expr LBRACE expr COLON expr RBRACE
    (22) expr -> . expr QUEST expr COLON expr
    (23) expr -> . NOT expr
    (24) expr -> . MINUS expr
    (25) expr -> . BITWISE_NOT expr
    (26) expr -> . expr BITWISE_AND expr
    (27) expr -> . expr BITWISE_OR expr
    (28) expr -> . expr OP expr
    (29) expr -> . expr PLUS expr
    (30) expr -> . expr MINUS expr
    (31) expr -> . expr TIMES expr
    (32) expr -> . expr DIV expr
    (33) expr -> . expr MOD expr
    (34) expr -> . expr AND expr
    (35) expr -> . expr OR expr
    (36) expr -> . expr LSHIFT expr
    (37) expr -> . expr RSHIFT expr
    (38) expr -> . expr LSHIFT_LOGICAL expr
    (39) expr -> . expr RSHIFT_LOGICAL expr
    (40) expr -> . expr GREATER expr
    (41) expr -> . expr LESS expr
    (42) expr -> . expr LESS_EQUAL expr
    (43) expr -> . expr GREATER_EQUAL expr
    (44) expr -> . expr EQUAL expr
    (45) expr -> . expr NOT_EQUAL expr
    (46) expr -> . expr XOR expr
    (47) expr -> . LPAREN expr RPAREN
    (48) expr -> . ID
    (49) expr -> . NUMBER

    ID              shift and go to state 4
    NOT             shift and go to state 11
    MINUS           shift and go to state 12
    BITWISE_NOT     shift and go to state 13
    LPAREN          shift and go to state 5
    NUMBER          shift and go to state 9

    expr                           shift and go to state 47

state 14

    (2) stmts -> stmts stmt .

    DEFINE          reduce using rule 2 (stmts -> stmts stmt .)
    BREAK           reduce using rule 2 (stmts -> stmts stmt .)
    FOR             reduce using rule 2 (stmts -> stmts stmt .)
    IF              reduce using rule 2 (stmts -> stmts stmt .)
    ID              reduce using rule 2 (stmts -> stmts stmt .)
    NOT             reduce using rule 2 (stmts -> stmts stmt .)
    MINUS           reduce using rule 2 (stmts -> stmts stmt .)
    BITWISE_NOT     reduce using rule 2 (stmts -> stmts stmt .)
    LPAREN          reduce using rule 2 (stmts -> stmts stmt .)
    NUMBER          reduce using rule 2 (stmts -> stmts stmt .)
    $end            reduce using rule 2 (stmts -> stmts stmt .)
    FI              reduce using rule 2 (stmts -> stmts stmt .)
    ELSE            reduce using rule 2 (stmts -> stmts stmt .)
    ELSEIF          reduce using rule 2 (stmts -> stmts stmt .)
    ENDFOR          reduce using rule 2 (stmts -> stmts stmt .)


state 15

    (3) stmt -> DEFINE ID . LPAREN args RPAREN COLON stmts

    LPAREN          shift and go to state 48


state 16

    (16) expr -> ID LPAREN . args RPAREN
    (17) expr -> ID LPAREN . RPAREN
    (18) args -> . expr
    (19) args -> . args COMMA expr
    (6) expr -> . expr UPDATE expr
    (7) expr -> . expr PLUS_EQUAL expr
    (16) expr -> . ID LPAREN args RPAREN
    (17) expr -> . ID LPAREN RPAREN
    (20) expr -> . expr LBRACE expr RBRACE
    (21) expr -> . expr LBRACE expr COLON expr RBRACE
    (22) expr -> . expr QUEST expr COLON expr
    (23) expr -> . NOT expr
    (24) expr -> . MINUS expr
    (25) expr -> . BITWISE_NOT expr
    (26) expr -> . expr BITWISE_AND expr
    (27) expr -> . expr BITWISE_OR expr
    (28) expr -> . expr OP expr
    (29) expr -> . expr PLUS expr
    (30) expr -> . expr MINUS expr
    (31) expr -> . expr TIMES expr
    (32) expr -> . expr DIV expr
    (33) expr -> . expr MOD expr
    (34) expr -> . expr AND expr
    (35) expr -> . expr OR expr
    (36) expr -> . expr LSHIFT expr
    (37) expr -> . expr RSHIFT expr
    (38) expr -> . expr LSHIFT_LOGICAL expr
    (39) expr -> . expr RSHIFT_LOGICAL expr
    (40) expr -> . expr GREATER expr
    (41) expr -> . expr LESS expr
    (42) expr -> . expr LESS_EQUAL expr
    (43) expr -> . expr GREATER_EQUAL expr
    (44) expr -> . expr EQUAL expr
    (45) expr -> . expr NOT_EQUAL expr
    (46) expr -> . expr XOR expr
    (47) expr -> . LPAREN expr RPAREN
    (48) expr -> . ID
    (49) expr -> . NUMBER

    RPAREN          shift and go to state 50
    ID              shift and go to state 4
    NOT             shift and go to state 11
    MINUS           shift and go to state 12
    BITWISE_NOT     shift and go to state 13
    LPAREN          shift and go to state 5
    NUMBER          shift and go to state 9

    args                           shift and go to state 49
    expr                           shift and go to state 51

state 17

    (47) expr -> LPAREN expr . RPAREN
    (6) expr -> expr . UPDATE expr
    (7) expr -> expr . PLUS_EQUAL expr
    (20) expr -> expr . LBRACE expr RBRACE
    (21) expr -> expr . LBRACE expr COLON expr RBRACE
    (22) expr -> expr . QUEST expr COLON expr
    (26) expr -> expr . BITWISE_AND expr
    (27) expr -> expr . BITWISE_OR expr
    (28) expr -> expr . OP expr
    (29) expr -> expr . PLUS expr
    (30) expr -> expr . MINUS expr
    (31) expr -> expr . TIMES expr
    (32) expr -> expr . DIV expr
    (33) expr -> expr . MOD expr
    (34) expr -> expr . AND expr
    (35) expr -> expr . OR expr
    (36) expr -> expr . LSHIFT expr
    (37) expr -> expr . RSHIFT expr
    (38) expr -> expr . LSHIFT_LOGICAL expr
    (39) expr -> expr . RSHIFT_LOGICAL expr
    (40) expr -> expr . GREATER expr
    (41) expr -> expr . LESS expr
    (42) expr -> expr . LESS_EQUAL expr
    (43) expr -> expr . GREATER_EQUAL expr
    (44) expr -> expr . EQUAL expr
    (45) expr -> expr . NOT_EQUAL expr
    (46) expr -> expr . XOR expr

    RPAREN          shift and go to state 52
    UPDATE          shift and go to state 18
    PLUS_EQUAL      shift and go to state 19
    LBRACE          shift and go to state 20
    QUEST           shift and go to state 21
    BITWISE_AND     shift and go to state 22
    BITWISE_OR      shift and go to state 23
    OP              shift and go to state 24
    PLUS            shift and go to state 25
    MINUS           shift and go to state 26
    TIMES           shift and go to state 27
    DIV             shift and go to state 28
    MOD             shift and go to state 29
    AND             shift and go to state 30
    OR              shift and go to state 31
    LSHIFT          shift and go to state 32
    RSHIFT          shift and go to state 33
    LSHIFT_LOGICAL  shift and go to state 34
    RSHIFT_LOGICAL  shift and go to state 35
    GREATER         shift and go to state 36
    LESS            shift and go to state 37
    LESS_EQUAL      shift and go to state 38
    GREATER_EQUAL   shift and go to state 39
    EQUAL           shift and go to state 40
    NOT_EQUAL       shift and go to state 41
    XOR             shift and go to state 42


state 18

    (6) expr -> expr UPDATE . expr
    (6) expr -> . expr UPDATE expr
    (7) expr -> . expr PLUS_EQUAL expr
    (16) expr -> . ID LPAREN args RPAREN
    (17) expr -> . ID LPAREN RPAREN
    (20) expr -> . expr LBRACE expr RBRACE
    (21) expr -> . expr LBRACE expr COLON expr RBRACE
    (22) expr -> . expr QUEST expr COLON expr
    (23) expr -> . NOT expr
    (24) expr -> . MINUS expr
    (25) expr -> . BITWISE_NOT expr
    (26) expr -> . expr BITWISE_AND expr
    (27) expr -> . expr BITWISE_OR expr
    (28) expr -> . expr OP expr
    (29) expr -> . expr PLUS expr
    (30) expr -> . expr MINUS expr
    (31) expr -> . expr TIMES expr
    (32) expr -> . expr DIV expr
    (33) expr -> . expr MOD expr
    (34) expr -> . expr AND expr
    (35) expr -> . expr OR expr
    (36) expr -> . expr LSHIFT expr
    (37) expr -> . expr RSHIFT expr
    (38) expr -> . expr LSHIFT_LOGICAL expr
    (39) expr -> . expr RSHIFT_LOGICAL expr
    (40) expr -> . expr GREATER expr
    (41) expr -> . expr LESS expr
    (42) expr -> . expr LESS_EQUAL expr
    (43) expr -> . expr GREATER_EQUAL expr
    (44) expr -> . expr EQUAL expr
    (45) expr -> . expr NOT_EQUAL expr
    (46) expr -> . expr XOR expr
    (47) expr -> . LPAREN expr RPAREN
    (48) expr -> . ID
    (49) expr -> . NUMBER

    ID              shift and go to state 4
    NOT             shift and go to state 11
    MINUS           shift and go to state 12
    BITWISE_NOT     shift and go to state 13
    LPAREN          shift and go to state 5
    NUMBER          shift and go to state 9

    expr                           shift and go to state 53

state 19

    (7) expr -> expr PLUS_EQUAL . expr
    (6) expr -> . expr UPDATE expr
    (7) expr -> . expr PLUS_EQUAL expr
    (16) expr -> . ID LPAREN args RPAREN
    (17) expr -> . ID LPAREN RPAREN
    (20) expr -> . expr LBRACE expr RBRACE
    (21) expr -> . expr LBRACE expr COLON expr RBRACE
    (22) expr -> . expr QUEST expr COLON expr
    (23) expr -> . NOT expr
    (24) expr -> . MINUS expr
    (25) expr -> . BITWISE_NOT expr
    (26) expr -> . expr BITWISE_AND expr
    (27) expr -> . expr BITWISE_OR expr
    (28) expr -> . expr OP expr
    (29) expr -> . expr PLUS expr
    (30) expr -> . expr MINUS expr
    (31) expr -> . expr TIMES expr
    (32) expr -> . expr DIV expr
    (33) expr -> . expr MOD expr
    (34) expr -> . expr AND expr
    (35) expr -> . expr OR expr
    (36) expr -> . expr LSHIFT expr
    (37) expr -> . expr RSHIFT expr
    (38) expr -> . expr LSHIFT_LOGICAL expr
    (39) expr -> . expr RSHIFT_LOGICAL expr
    (40) expr -> . expr GREATER expr
    (41) expr -> . expr LESS expr
    (42) expr -> . expr LESS_EQUAL expr
    (43) expr -> . expr GREATER_EQUAL expr
    (44) expr -> . expr EQUAL expr
    (45) expr -> . expr NOT_EQUAL expr
    (46) expr -> . expr XOR expr
    (47) expr -> . LPAREN expr RPAREN
    (48) expr -> . ID
    (49) expr -> . NUMBER

    ID              shift and go to state 4
    NOT             shift and go to state 11
    MINUS           shift and go to state 12
    BITWISE_NOT     shift and go to state 13
    LPAREN          shift and go to state 5
    NUMBER          shift and go to state 9

    expr                           shift and go to state 54

state 20

    (20) expr -> expr LBRACE . expr RBRACE
    (21) expr -> expr LBRACE . expr COLON expr RBRACE
    (6) expr -> . expr UPDATE expr
    (7) expr -> . expr PLUS_EQUAL expr
    (16) expr -> . ID LPAREN args RPAREN
    (17) expr -> . ID LPAREN RPAREN
    (20) expr -> . expr LBRACE expr RBRACE
    (21) expr -> . expr LBRACE expr COLON expr RBRACE
    (22) expr -> . expr QUEST expr COLON expr
    (23) expr -> . NOT expr
    (24) expr -> . MINUS expr
    (25) expr -> . BITWISE_NOT expr
    (26) expr -> . expr BITWISE_AND expr
    (27) expr -> . expr BITWISE_OR expr
    (28) expr -> . expr OP expr
    (29) expr -> . expr PLUS expr
    (30) expr -> . expr MINUS expr
    (31) expr -> . expr TIMES expr
    (32) expr -> . expr DIV expr
    (33) expr -> . expr MOD expr
    (34) expr -> . expr AND expr
    (35) expr -> . expr OR expr
    (36) expr -> . expr LSHIFT expr
    (37) expr -> . expr RSHIFT expr
    (38) expr -> . expr LSHIFT_LOGICAL expr
    (39) expr -> . expr RSHIFT_LOGICAL expr
    (40) expr -> . expr GREATER expr
    (41) expr -> . expr LESS expr
    (42) expr -> . expr LESS_EQUAL expr
    (43) expr -> . expr GREATER_EQUAL expr
    (44) expr -> . expr EQUAL expr
    (45) expr -> . expr NOT_EQUAL expr
    (46) expr -> . expr XOR expr
    (47) expr -> . LPAREN expr RPAREN
    (48) expr -> . ID
    (49) expr -> . NUMBER

    ID              shift and go to state 4
    NOT             shift and go to state 11
    MINUS           shift and go to state 12
    BITWISE_NOT     shift and go to state 13
    LPAREN          shift and go to state 5
    NUMBER          shift and go to state 9

    expr                           shift and go to state 55

state 21

    (22) expr -> expr QUEST . expr COLON expr
    (6) expr -> . expr UPDATE expr
    (7) expr -> . expr PLUS_EQUAL expr
    (16) expr -> . ID LPAREN args RPAREN
    (17) expr -> . ID LPAREN RPAREN
    (20) expr -> . expr LBRACE expr RBRACE
    (21) expr -> . expr LBRACE expr COLON expr RBRACE
    (22) expr -> . expr QUEST expr COLON expr
    (23) expr -> . NOT expr
    (24) expr -> . MINUS expr
    (25) expr -> . BITWISE_NOT expr
    (26) expr -> . expr BITWISE_AND expr
    (27) expr -> . expr BITWISE_OR expr
    (28) expr -> . expr OP expr
    (29) expr -> . expr PLUS expr
    (30) expr -> . expr MINUS expr
    (31) expr -> . expr TIMES expr
    (32) expr -> . expr DIV expr
    (33) expr -> . expr MOD expr
    (34) expr -> . expr AND expr
    (35) expr -> . expr OR expr
    (36) expr -> . expr LSHIFT expr
    (37) expr -> . expr RSHIFT expr
    (38) expr -> . expr LSHIFT_LOGICAL expr
    (39) expr -> . expr RSHIFT_LOGICAL expr
    (40) expr -> . expr GREATER expr
    (41) expr -> . expr LESS expr
    (42) expr -> . expr LESS_EQUAL expr
    (43) expr -> . expr GREATER_EQUAL expr
    (44) expr -> . expr EQUAL expr
    (45) expr -> . expr NOT_EQUAL expr
    (46) expr -> . expr XOR expr
    (47) expr -> . LPAREN expr RPAREN
    (48) expr -> . ID
    (49) expr -> . NUMBER

    ID              shift and go to state 4
    NOT             shift and go to state 11
    MINUS           shift and go to state 12
    BITWISE_NOT     shift and go to state 13
    LPAREN          shift and go to state 5
    NUMBER          shift and go to state 9

    expr                           shift and go to state 56

state 22

    (26) expr -> expr BITWISE_AND . expr
    (6) expr -> . expr UPDATE expr
    (7) expr -> . expr PLUS_EQUAL expr
    (16) expr -> . ID LPAREN args RPAREN
    (17) expr -> . ID LPAREN RPAREN
    (20) expr -> . expr LBRACE expr RBRACE
    (21) expr -> . expr LBRACE expr COLON expr RBRACE
    (22) expr -> . expr QUEST expr COLON expr
    (23) expr -> . NOT expr
    (24) expr -> . MINUS expr
    (25) expr -> . BITWISE_NOT expr
    (26) expr -> . expr BITWISE_AND expr
    (27) expr -> . expr BITWISE_OR expr
    (28) expr -> . expr OP expr
    (29) expr -> . expr PLUS expr
    (30) expr -> . expr MINUS expr
    (31) expr -> . expr TIMES expr
    (32) expr -> . expr DIV expr
    (33) expr -> . expr MOD expr
    (34) expr -> . expr AND expr
    (35) expr -> . expr OR expr
    (36) expr -> . expr LSHIFT expr
    (37) expr -> . expr RSHIFT expr
    (38) expr -> . expr LSHIFT_LOGICAL expr
    (39) expr -> . expr RSHIFT_LOGICAL expr
    (40) expr -> . expr GREATER expr
    (41) expr -> . expr LESS expr
    (42) expr -> . expr LESS_EQUAL expr
    (43) expr -> . expr GREATER_EQUAL expr
    (44) expr -> . expr EQUAL expr
    (45) expr -> . expr NOT_EQUAL expr
    (46) expr -> . expr XOR expr
    (47) expr -> . LPAREN expr RPAREN
    (48) expr -> . ID
    (49) expr -> . NUMBER

    ID              shift and go to state 4
    NOT             shift and go to state 11
    MINUS           shift and go to state 12
    BITWISE_NOT     shift and go to state 13
    LPAREN          shift and go to state 5
    NUMBER          shift and go to state 9

    expr                           shift and go to state 57

state 23

    (27) expr -> expr BITWISE_OR . expr
    (6) expr -> . expr UPDATE expr
    (7) expr -> . expr PLUS_EQUAL expr
    (16) expr -> . ID LPAREN args RPAREN
    (17) expr -> . ID LPAREN RPAREN
    (20) expr -> . expr LBRACE expr RBRACE
    (21) expr -> . expr LBRACE expr COLON expr RBRACE
    (22) expr -> . expr QUEST expr COLON expr
    (23) expr -> . NOT expr
    (24) expr -> . MINUS expr
    (25) expr -> . BITWISE_NOT expr
    (26) expr -> . expr BITWISE_AND expr
    (27) expr -> . expr BITWISE_OR expr
    (28) expr -> . expr OP expr
    (29) expr -> . expr PLUS expr
    (30) expr -> . expr MINUS expr
    (31) expr -> . expr TIMES expr
    (32) expr -> . expr DIV expr
    (33) expr -> . expr MOD expr
    (34) expr -> . expr AND expr
    (35) expr -> . expr OR expr
    (36) expr -> . expr LSHIFT expr
    (37) expr -> . expr RSHIFT expr
    (38) expr -> . expr LSHIFT_LOGICAL expr
    (39) expr -> . expr RSHIFT_LOGICAL expr
    (40) expr -> . expr GREATER expr
    (41) expr -> . expr LESS expr
    (42) expr -> . expr LESS_EQUAL expr
    (43) expr -> . expr GREATER_EQUAL expr
    (44) expr -> . expr EQUAL expr
    (45) expr -> . expr NOT_EQUAL expr
    (46) expr -> . expr XOR expr
    (47) expr -> . LPAREN expr RPAREN
    (48) expr -> . ID
    (49) expr -> . NUMBER

    ID              shift and go to state 4
    NOT             shift and go to state 11
    MINUS           shift and go to state 12
    BITWISE_NOT     shift and go to state 13
    LPAREN          shift and go to state 5
    NUMBER          shift and go to state 9

    expr                           shift and go to state 58

state 24

    (28) expr -> expr OP . expr
    (6) expr -> . expr UPDATE expr
    (7) expr -> . expr PLUS_EQUAL expr
    (16) expr -> . ID LPAREN args RPAREN
    (17) expr -> . ID LPAREN RPAREN
    (20) expr -> . expr LBRACE expr RBRACE
    (21) expr -> . expr LBRACE expr COLON expr RBRACE
    (22) expr -> . expr QUEST expr COLON expr
    (23) expr -> . NOT expr
    (24) expr -> . MINUS expr
    (25) expr -> . BITWISE_NOT expr
    (26) expr -> . expr BITWISE_AND expr
    (27) expr -> . expr BITWISE_OR expr
    (28) expr -> . expr OP expr
    (29) expr -> . expr PLUS expr
    (30) expr -> . expr MINUS expr
    (31) expr -> . expr TIMES expr
    (32) expr -> . expr DIV expr
    (33) expr -> . expr MOD expr
    (34) expr -> . expr AND expr
    (35) expr -> . expr OR expr
    (36) expr -> . expr LSHIFT expr
    (37) expr -> . expr RSHIFT expr
    (38) expr -> . expr LSHIFT_LOGICAL expr
    (39) expr -> . expr RSHIFT_LOGICAL expr
    (40) expr -> . expr GREATER expr
    (41) expr -> . expr LESS expr
    (42) expr -> . expr LESS_EQUAL expr
    (43) expr -> . expr GREATER_EQUAL expr
    (44) expr -> . expr EQUAL expr
    (45) expr -> . expr NOT_EQUAL expr
    (46) expr -> . expr XOR expr
    (47) expr -> . LPAREN expr RPAREN
    (48) expr -> . ID
    (49) expr -> . NUMBER

    ID              shift and go to state 4
    NOT             shift and go to state 11
    MINUS           shift and go to state 12
    BITWISE_NOT     shift and go to state 13
    LPAREN          shift and go to state 5
    NUMBER          shift and go to state 9

    expr                           shift and go to state 59

state 25

    (29) expr -> expr PLUS . expr
    (6) expr -> . expr UPDATE expr
    (7) expr -> . expr PLUS_EQUAL expr
    (16) expr -> . ID LPAREN args RPAREN
    (17) expr -> . ID LPAREN RPAREN
    (20) expr -> . expr LBRACE expr RBRACE
    (21) expr -> . expr LBRACE expr COLON expr RBRACE
    (22) expr -> . expr QUEST expr COLON expr
    (23) expr -> . NOT expr
    (24) expr -> . MINUS expr
    (25) expr -> . BITWISE_NOT expr
    (26) expr -> . expr BITWISE_AND expr
    (27) expr -> . expr BITWISE_OR expr
    (28) expr -> . expr OP expr
    (29) expr -> . expr PLUS expr
    (30) expr -> . expr MINUS expr
    (31) expr -> . expr TIMES expr
    (32) expr -> . expr DIV expr
    (33) expr -> . expr MOD expr
    (34) expr -> . expr AND expr
    (35) expr -> . expr OR expr
    (36) expr -> . expr LSHIFT expr
    (37) expr -> . expr RSHIFT expr
    (38) expr -> . expr LSHIFT_LOGICAL expr
    (39) expr -> . expr RSHIFT_LOGICAL expr
    (40) expr -> . expr GREATER expr
    (41) expr -> . expr LESS expr
    (42) expr -> . expr LESS_EQUAL expr
    (43) expr -> . expr GREATER_EQUAL expr
    (44) expr -> . expr EQUAL expr
    (45) expr -> . expr NOT_EQUAL expr
    (46) expr -> . expr XOR expr
    (47) expr -> . LPAREN expr RPAREN
    (48) expr -> . ID
    (49) expr -> . NUMBER

    ID              shift and go to state 4
    NOT             shift and go to state 11
    MINUS           shift and go to state 12
    BITWISE_NOT     shift and go to state 13
    LPAREN          shift and go to state 5
    NUMBER          shift and go to state 9

    expr                           shift and go to state 60

state 26

    (30) expr -> expr MINUS . expr
    (6) expr -> . expr UPDATE expr
    (7) expr -> . expr PLUS_EQUAL expr
    (16) expr -> . ID LPAREN args RPAREN
    (17) expr -> . ID LPAREN RPAREN
    (20) expr -> . expr LBRACE expr RBRACE
    (21) expr -> . expr LBRACE expr COLON expr RBRACE
    (22) expr -> . expr QUEST expr COLON expr
    (23) expr -> . NOT expr
    (24) expr -> . MINUS expr
    (25) expr -> . BITWISE_NOT expr
    (26) expr -> . expr BITWISE_AND expr
    (27) expr -> . expr BITWISE_OR expr
    (28) expr -> . expr OP expr
    (29) expr -> . expr PLUS expr
    (30) expr -> . expr MINUS expr
    (31) expr -> . expr TIMES expr
    (32) expr -> . expr DIV expr
    (33) expr -> . expr MOD expr
    (34) expr -> . expr AND expr
    (35) expr -> . expr OR expr
    (36) expr -> . expr LSHIFT expr
    (37) expr -> . expr RSHIFT expr
    (38) expr -> . expr LSHIFT_LOGICAL expr
    (39) expr -> . expr RSHIFT_LOGICAL expr
    (40) expr -> . expr GREATER expr
    (41) expr -> . expr LESS expr
    (42) expr -> . expr LESS_EQUAL expr
    (43) expr -> . expr GREATER_EQUAL expr
    (44) expr -> . expr EQUAL expr
    (45) expr -> . expr NOT_EQUAL expr
    (46) expr -> . expr XOR expr
    (47) expr -> . LPAREN expr RPAREN
    (48) expr -> . ID
    (49) expr -> . NUMBER

    ID              shift and go to state 4
    NOT             shift and go to state 11
    MINUS           shift and go to state 12
    BITWISE_NOT     shift and go to state 13
    LPAREN          shift and go to state 5
    NUMBER          shift and go to state 9

    expr                           shift and go to state 61

state 27

    (31) expr -> expr TIMES . expr
    (6) expr -> . expr UPDATE expr
    (7) expr -> . expr PLUS_EQUAL expr
    (16) expr -> . ID LPAREN args RPAREN
    (17) expr -> . ID LPAREN RPAREN
    (20) expr -> . expr LBRACE expr RBRACE
    (21) expr -> . expr LBRACE expr COLON expr RBRACE
    (22) expr -> . expr QUEST expr COLON expr
    (23) expr -> . NOT expr
    (24) expr -> . MINUS expr
    (25) expr -> . BITWISE_NOT expr
    (26) expr -> . expr BITWISE_AND expr
    (27) expr -> . expr BITWISE_OR expr
    (28) expr -> . expr OP expr
    (29) expr -> . expr PLUS expr
    (30) expr -> . expr MINUS expr
    (31) expr -> . expr TIMES expr
    (32) expr -> . expr DIV expr
    (33) expr -> . expr MOD expr
    (34) expr -> . expr AND expr
    (35) expr -> . expr OR expr
    (36) expr -> . expr LSHIFT expr
    (37) expr -> . expr RSHIFT expr
    (38) expr -> . expr LSHIFT_LOGICAL expr
    (39) expr -> . expr RSHIFT_LOGICAL expr
    (40) expr -> . expr GREATER expr
    (41) expr -> . expr LESS expr
    (42) expr -> . expr LESS_EQUAL expr
    (43) expr -> . expr GREATER_EQUAL expr
    (44) expr -> . expr EQUAL expr
    (45) expr -> . expr NOT_EQUAL expr
    (46) expr -> . expr XOR expr
    (47) expr -> . LPAREN expr RPAREN
    (48) expr -> . ID
    (49) expr -> . NUMBER

    ID              shift and go to state 4
    NOT             shift and go to state 11
    MINUS           shift and go to state 12
    BITWISE_NOT     shift and go to state 13
    LPAREN          shift and go to state 5
    NUMBER          shift and go to state 9

    expr                           shift and go to state 62

state 28

    (32) expr -> expr DIV . expr
    (6) expr -> . expr UPDATE expr
    (7) expr -> . expr PLUS_EQUAL expr
    (16) expr -> . ID LPAREN args RPAREN
    (17) expr -> . ID LPAREN RPAREN
    (20) expr -> . expr LBRACE expr RBRACE
    (21) expr -> . expr LBRACE expr COLON expr RBRACE
    (22) expr -> . expr QUEST expr COLON expr
    (23) expr -> . NOT expr
    (24) expr -> . MINUS expr
    (25) expr -> . BITWISE_NOT expr
    (26) expr -> . expr BITWISE_AND expr
    (27) expr -> . expr BITWISE_OR expr
    (28) expr -> . expr OP expr
    (29) expr -> . expr PLUS expr
    (30) expr -> . expr MINUS expr
    (31) expr -> . expr TIMES expr
    (32) expr -> . expr DIV expr
    (33) expr -> . expr MOD expr
    (34) expr -> . expr AND expr
    (35) expr -> . expr OR expr
    (36) expr -> . expr LSHIFT expr
    (37) expr -> . expr RSHIFT expr
    (38) expr -> . expr LSHIFT_LOGICAL expr
    (39) expr -> . expr RSHIFT_LOGICAL expr
    (40) expr -> . expr GREATER expr
    (41) expr -> . expr LESS expr
    (42) expr -> . expr LESS_EQUAL expr
    (43) expr -> . expr GREATER_EQUAL expr
    (44) expr -> . expr EQUAL expr
    (45) expr -> . expr NOT_EQUAL expr
    (46) expr -> . expr XOR expr
    (47) expr -> . LPAREN expr RPAREN
    (48) expr -> . ID
    (49) expr -> . NUMBER

    ID              shift and go to state 4
    NOT             shift and go to state 11
    MINUS           shift and go to state 12
    BITWISE_NOT     shift and go to state 13
    LPAREN          shift and go to state 5
    NUMBER          shift and go to state 9

    expr                           shift and go to state 63

state 29

    (33) expr -> expr MOD . expr
    (6) expr -> . expr UPDATE expr
    (7) expr -> . expr PLUS_EQUAL expr
    (16) expr -> . ID LPAREN args RPAREN
    (17) expr -> . ID LPAREN RPAREN
    (20) expr -> . expr LBRACE expr RBRACE
    (21) expr -> . expr LBRACE expr COLON expr RBRACE
    (22) expr -> . expr QUEST expr COLON expr
    (23) expr -> . NOT expr
    (24) expr -> . MINUS expr
    (25) expr -> . BITWISE_NOT expr
    (26) expr -> . expr BITWISE_AND expr
    (27) expr -> . expr BITWISE_OR expr
    (28) expr -> . expr OP expr
    (29) expr -> . expr PLUS expr
    (30) expr -> . expr MINUS expr
    (31) expr -> . expr TIMES expr
    (32) expr -> . expr DIV expr
    (33) expr -> . expr MOD expr
    (34) expr -> . expr AND expr
    (35) expr -> . expr OR expr
    (36) expr -> . expr LSHIFT expr
    (37) expr -> . expr RSHIFT expr
    (38) expr -> . expr LSHIFT_LOGICAL expr
    (39) expr -> . expr RSHIFT_LOGICAL expr
    (40) expr -> . expr GREATER expr
    (41) expr -> . expr LESS expr
    (42) expr -> . expr LESS_EQUAL expr
    (43) expr -> . expr GREATER_EQUAL expr
    (44) expr -> . expr EQUAL expr
    (45) expr -> . expr NOT_EQUAL expr
    (46) expr -> . expr XOR expr
    (47) expr -> . LPAREN expr RPAREN
    (48) expr -> . ID
    (49) expr -> . NUMBER

    ID              shift and go to state 4
    NOT             shift and go to state 11
    MINUS           shift and go to state 12
    BITWISE_NOT     shift and go to state 13
    LPAREN          shift and go to state 5
    NUMBER          shift and go to state 9

    expr                           shift and go to state 64

state 30

    (34) expr -> expr AND . expr
    (6) expr -> . expr UPDATE expr
    (7) expr -> . expr PLUS_EQUAL expr
    (16) expr -> . ID LPAREN args RPAREN
    (17) expr -> . ID LPAREN RPAREN
    (20) expr -> . expr LBRACE expr RBRACE
    (21) expr -> . expr LBRACE expr COLON expr RBRACE
    (22) expr -> . expr QUEST expr COLON expr
    (23) expr -> . NOT expr
    (24) expr -> . MINUS expr
    (25) expr -> . BITWISE_NOT expr
    (26) expr -> . expr BITWISE_AND expr
    (27) expr -> . expr BITWISE_OR expr
    (28) expr -> . expr OP expr
    (29) expr -> . expr PLUS expr
    (30) expr -> . expr MINUS expr
    (31) expr -> . expr TIMES expr
    (32) expr -> . expr DIV expr
    (33) expr -> . expr MOD expr
    (34) expr -> . expr AND expr
    (35) expr -> . expr OR expr
    (36) expr -> . expr LSHIFT expr
    (37) expr -> . expr RSHIFT expr
    (38) expr -> . expr LSHIFT_LOGICAL expr
    (39) expr -> . expr RSHIFT_LOGICAL expr
    (40) expr -> . expr GREATER expr
    (41) expr -> . expr LESS expr
    (42) expr -> . expr LESS_EQUAL expr
    (43) expr -> . expr GREATER_EQUAL expr
    (44) expr -> . expr EQUAL expr
    (45) expr -> . expr NOT_EQUAL expr
    (46) expr -> . expr XOR expr
    (47) expr -> . LPAREN expr RPAREN
    (48) expr -> . ID
    (49) expr -> . NUMBER

    ID              shift and go to state 4
    NOT             shift and go to state 11
    MINUS           shift and go to state 12
    BITWISE_NOT     shift and go to state 13
    LPAREN          shift and go to state 5
    NUMBER          shift and go to state 9

    expr                           shift and go to state 65

state 31

    (35) expr -> expr OR . expr
    (6) expr -> . expr UPDATE expr
    (7) expr -> . expr PLUS_EQUAL expr
    (16) expr -> . ID LPAREN args RPAREN
    (17) expr -> . ID LPAREN RPAREN
    (20) expr -> . expr LBRACE expr RBRACE
    (21) expr -> . expr LBRACE expr COLON expr RBRACE
    (22) expr -> . expr QUEST expr COLON expr
    (23) expr -> . NOT expr
    (24) expr -> . MINUS expr
    (25) expr -> . BITWISE_NOT expr
    (26) expr -> . expr BITWISE_AND expr
    (27) expr -> . expr BITWISE_OR expr
    (28) expr -> . expr OP expr
    (29) expr -> . expr PLUS expr
    (30) expr -> . expr MINUS expr
    (31) expr -> . expr TIMES expr
    (32) expr -> . expr DIV expr
    (33) expr -> . expr MOD expr
    (34) expr -> . expr AND expr
    (35) expr -> . expr OR expr
    (36) expr -> . expr LSHIFT expr
    (37) expr -> . expr RSHIFT expr
    (38) expr -> . expr LSHIFT_LOGICAL expr
    (39) expr -> . expr RSHIFT_LOGICAL expr
    (40) expr -> . expr GREATER expr
    (41) expr -> . expr LESS expr
    (42) expr -> . expr LESS_EQUAL expr
    (43) expr -> . expr GREATER_EQUAL expr
    (44) expr -> . expr EQUAL expr
    (45) expr -> . expr NOT_EQUAL expr
    (46) expr -> . expr XOR expr
    (47) expr -> . LPAREN expr RPAREN
    (48) expr -> . ID
    (49) expr -> . NUMBER

    ID              shift and go to state 4
    NOT             shift and go to state 11
    MINUS           shift and go to state 12
    BITWISE_NOT     shift and go to state 13
    LPAREN          shift and go to state 5
    NUMBER          shift and go to state 9

    expr                           shift and go to state 66

state 32

    (36) expr -> expr LSHIFT . expr
    (6) expr -> . expr UPDATE expr
    (7) expr -> . expr PLUS_EQUAL expr
    (16) expr -> . ID LPAREN args RPAREN
    (17) expr -> . ID LPAREN RPAREN
    (20) expr -> . expr LBRACE expr RBRACE
    (21) expr -> . expr LBRACE expr COLON expr RBRACE
    (22) expr -> . expr QUEST expr COLON expr
    (23) expr -> . NOT expr
    (24) expr -> . MINUS expr
    (25) expr -> . BITWISE_NOT expr
    (26) expr -> . expr BITWISE_AND expr
    (27) expr -> . expr BITWISE_OR expr
    (28) expr -> . expr OP expr
    (29) expr -> . expr PLUS expr
    (30) expr -> . expr MINUS expr
    (31) expr -> . expr TIMES expr
    (32) expr -> . expr DIV expr
    (33) expr -> . expr MOD expr
    (34) expr -> . expr AND expr
    (35) expr -> . expr OR expr
    (36) expr -> . expr LSHIFT expr
    (37) expr -> . expr RSHIFT expr
    (38) expr -> . expr LSHIFT_LOGICAL expr
    (39) expr -> . expr RSHIFT_LOGICAL expr
    (40) expr -> . expr GREATER expr
    (41) expr -> . expr LESS expr
    (42) expr -> . expr LESS_EQUAL expr
    (43) expr -> . expr GREATER_EQUAL expr
    (44) expr -> . expr EQUAL expr
    (45) expr -> . expr NOT_EQUAL expr
    (46) expr -> . expr XOR expr
    (47) expr -> . LPAREN expr RPAREN
    (48) expr -> . ID
    (49) expr -> . NUMBER

    ID              shift and go to state 4
    NOT             shift and go to state 11
    MINUS           shift and go to state 12
    BITWISE_NOT     shift and go to state 13
    LPAREN          shift and go to state 5
    NUMBER          shift and go to state 9

    expr                           shift and go to state 67

state 33

    (37) expr -> expr RSHIFT . expr
    (6) expr -> . expr UPDATE expr
    (7) expr -> . expr PLUS_EQUAL expr
    (16) expr -> . ID LPAREN args RPAREN
    (17) expr -> . ID LPAREN RPAREN
    (20) expr -> . expr LBRACE expr RBRACE
    (21) expr -> . expr LBRACE expr COLON expr RBRACE
    (22) expr -> . expr QUEST expr COLON expr
    (23) expr -> . NOT expr
    (24) expr -> . MINUS expr
    (25) expr -> . BITWISE_NOT expr
    (26) expr -> . expr BITWISE_AND expr
    (27) expr -> . expr BITWISE_OR expr
    (28) expr -> . expr OP expr
    (29) expr -> . expr PLUS expr
    (30) expr -> . expr MINUS expr
    (31) expr -> . expr TIMES expr
    (32) expr -> . expr DIV expr
    (33) expr -> . expr MOD expr
    (34) expr -> . expr AND expr
    (35) expr -> . expr OR expr
    (36) expr -> . expr LSHIFT expr
    (37) expr -> . expr RSHIFT expr
    (38) expr -> . expr LSHIFT_LOGICAL expr
    (39) expr -> . expr RSHIFT_LOGICAL expr
    (40) expr -> . expr GREATER expr
    (41) expr -> . expr LESS expr
    (42) expr -> . expr LESS_EQUAL expr
    (43) expr -> . expr GREATER_EQUAL expr
    (44) expr -> . expr EQUAL expr
    (45) expr -> . expr NOT_EQUAL expr
    (46) expr -> . expr XOR expr
    (47) expr -> . LPAREN expr RPAREN
    (48) expr -> . ID
    (49) expr -> . NUMBER

    ID              shift and go to state 4
    NOT             shift and go to state 11
    MINUS           shift and go to state 12
    BITWISE_NOT     shift and go to state 13
    LPAREN          shift and go to state 5
    NUMBER          shift and go to state 9

    expr                           shift and go to state 68

state 34

    (38) expr -> expr LSHIFT_LOGICAL . expr
    (6) expr -> . expr UPDATE expr
    (7) expr -> . expr PLUS_EQUAL expr
    (16) expr -> . ID LPAREN args RPAREN
    (17) expr -> . ID LPAREN RPAREN
    (20) expr -> . expr LBRACE expr RBRACE
    (21) expr -> . expr LBRACE expr COLON expr RBRACE
    (22) expr -> . expr QUEST expr COLON expr
    (23) expr -> . NOT expr
    (24) expr -> . MINUS expr
    (25) expr -> . BITWISE_NOT expr
    (26) expr -> . expr BITWISE_AND expr
    (27) expr -> . expr BITWISE_OR expr
    (28) expr -> . expr OP expr
    (29) expr -> . expr PLUS expr
    (30) expr -> . expr MINUS expr
    (31) expr -> . expr TIMES expr
    (32) expr -> . expr DIV expr
    (33) expr -> . expr MOD expr
    (34) expr -> . expr AND expr
    (35) expr -> . expr OR expr
    (36) expr -> . expr LSHIFT expr
    (37) expr -> . expr RSHIFT expr
    (38) expr -> . expr LSHIFT_LOGICAL expr
    (39) expr -> . expr RSHIFT_LOGICAL expr
    (40) expr -> . expr GREATER expr
    (41) expr -> . expr LESS expr
    (42) expr -> . expr LESS_EQUAL expr
    (43) expr -> . expr GREATER_EQUAL expr
    (44) expr -> . expr EQUAL expr
    (45) expr -> . expr NOT_EQUAL expr
    (46) expr -> . expr XOR expr
    (47) expr -> . LPAREN expr RPAREN
    (48) expr -> . ID
    (49) expr -> . NUMBER

    ID              shift and go to state 4
    NOT             shift and go to state 11
    MINUS           shift and go to state 12
    BITWISE_NOT     shift and go to state 13
    LPAREN          shift and go to state 5
    NUMBER          shift and go to state 9

    expr                           shift and go to state 69

state 35

    (39) expr -> expr RSHIFT_LOGICAL . expr
    (6) expr -> . expr UPDATE expr
    (7) expr -> . expr PLUS_EQUAL expr
    (16) expr -> . ID LPAREN args RPAREN
    (17) expr -> . ID LPAREN RPAREN
    (20) expr -> . expr LBRACE expr RBRACE
    (21) expr -> . expr LBRACE expr COLON expr RBRACE
    (22) expr -> . expr QUEST expr COLON expr
    (23) expr -> . NOT expr
    (24) expr -> . MINUS expr
    (25) expr -> . BITWISE_NOT expr
    (26) expr -> . expr BITWISE_AND expr
    (27) expr -> . expr BITWISE_OR expr
    (28) expr -> . expr OP expr
    (29) expr -> . expr PLUS expr
    (30) expr -> . expr MINUS expr
    (31) expr -> . expr TIMES expr
    (32) expr -> . expr DIV expr
    (33) expr -> . expr MOD expr
    (34) expr -> . expr AND expr
    (35) expr -> . expr OR expr
    (36) expr -> . expr LSHIFT expr
    (37) expr -> . expr RSHIFT expr
    (38) expr -> . expr LSHIFT_LOGICAL expr
    (39) expr -> . expr RSHIFT_LOGICAL expr
    (40) expr -> . expr GREATER expr
    (41) expr -> . expr LESS expr
    (42) expr -> . expr LESS_EQUAL expr
    (43) expr -> . expr GREATER_EQUAL expr
    (44) expr -> . expr EQUAL expr
    (45) expr -> . expr NOT_EQUAL expr
    (46) expr -> . expr XOR expr
    (47) expr -> . LPAREN expr RPAREN
    (48) expr -> . ID
    (49) expr -> . NUMBER

    ID              shift and go to state 4
    NOT             shift and go to state 11
    MINUS           shift and go to state 12
    BITWISE_NOT     shift and go to state 13
    LPAREN          shift and go to state 5
    NUMBER          shift and go to state 9

    expr                           shift and go to state 70

state 36

    (40) expr -> expr GREATER . expr
    (6) expr -> . expr UPDATE expr
    (7) expr -> . expr PLUS_EQUAL expr
    (16) expr -> . ID LPAREN args RPAREN
    (17) expr -> . ID LPAREN RPAREN
    (20) expr -> . expr LBRACE expr RBRACE
    (21) expr -> . expr LBRACE expr COLON expr RBRACE
    (22) expr -> . expr QUEST expr COLON expr
    (23) expr -> . NOT expr
    (24) expr -> . MINUS expr
    (25) expr -> . BITWISE_NOT expr
    (26) expr -> . expr BITWISE_AND expr
    (27) expr -> . expr BITWISE_OR expr
    (28) expr -> . expr OP expr
    (29) expr -> . expr PLUS expr
    (30) expr -> . expr MINUS expr
    (31) expr -> . expr TIMES expr
    (32) expr -> . expr DIV expr
    (33) expr -> . expr MOD expr
    (34) expr -> . expr AND expr
    (35) expr -> . expr OR expr
    (36) expr -> . expr LSHIFT expr
    (37) expr -> . expr RSHIFT expr
    (38) expr -> . expr LSHIFT_LOGICAL expr
    (39) expr -> . expr RSHIFT_LOGICAL expr
    (40) expr -> . expr GREATER expr
    (41) expr -> . expr LESS expr
    (42) expr -> . expr LESS_EQUAL expr
    (43) expr -> . expr GREATER_EQUAL expr
    (44) expr -> . expr EQUAL expr
    (45) expr -> . expr NOT_EQUAL expr
    (46) expr -> . expr XOR expr
    (47) expr -> . LPAREN expr RPAREN
    (48) expr -> . ID
    (49) expr -> . NUMBER

    ID              shift and go to state 4
    NOT             shift and go to state 11
    MINUS           shift and go to state 12
    BITWISE_NOT     shift and go to state 13
    LPAREN          shift and go to state 5
    NUMBER          shift and go to state 9

    expr                           shift and go to state 71

state 37

    (41) expr -> expr LESS . expr
    (6) expr -> . expr UPDATE expr
    (7) expr -> . expr PLUS_EQUAL expr
    (16) expr -> . ID LPAREN args RPAREN
    (17) expr -> . ID LPAREN RPAREN
    (20) expr -> . expr LBRACE expr RBRACE
    (21) expr -> . expr LBRACE expr COLON expr RBRACE
    (22) expr -> . expr QUEST expr COLON expr
    (23) expr -> . NOT expr
    (24) expr -> . MINUS expr
    (25) expr -> . BITWISE_NOT expr
    (26) expr -> . expr BITWISE_AND expr
    (27) expr -> . expr BITWISE_OR expr
    (28) expr -> . expr OP expr
    (29) expr -> . expr PLUS expr
    (30) expr -> . expr MINUS expr
    (31) expr -> . expr TIMES expr
    (32) expr -> . expr DIV expr
    (33) expr -> . expr MOD expr
    (34) expr -> . expr AND expr
    (35) expr -> . expr OR expr
    (36) expr -> . expr LSHIFT expr
    (37) expr -> . expr RSHIFT expr
    (38) expr -> . expr LSHIFT_LOGICAL expr
    (39) expr -> . expr RSHIFT_LOGICAL expr
    (40) expr -> . expr GREATER expr
    (41) expr -> . expr LESS expr
    (42) expr -> . expr LESS_EQUAL expr
    (43) expr -> . expr GREATER_EQUAL expr
    (44) expr -> . expr EQUAL expr
    (45) expr -> . expr NOT_EQUAL expr
    (46) expr -> . expr XOR expr
    (47) expr -> . LPAREN expr RPAREN
    (48) expr -> . ID
    (49) expr -> . NUMBER

    ID              shift and go to state 4
    NOT             shift and go to state 11
    MINUS           shift and go to state 12
    BITWISE_NOT     shift and go to state 13
    LPAREN          shift and go to state 5
    NUMBER          shift and go to state 9

    expr                           shift and go to state 72

state 38

    (42) expr -> expr LESS_EQUAL . expr
    (6) expr -> . expr UPDATE expr
    (7) expr -> . expr PLUS_EQUAL expr
    (16) expr -> . ID LPAREN args RPAREN
    (17) expr -> . ID LPAREN RPAREN
    (20) expr -> . expr LBRACE expr RBRACE
    (21) expr -> . expr LBRACE expr COLON expr RBRACE
    (22) expr -> . expr QUEST expr COLON expr
    (23) expr -> . NOT expr
    (24) expr -> . MINUS expr
    (25) expr -> . BITWISE_NOT expr
    (26) expr -> . expr BITWISE_AND expr
    (27) expr -> . expr BITWISE_OR expr
    (28) expr -> . expr OP expr
    (29) expr -> . expr PLUS expr
    (30) expr -> . expr MINUS expr
    (31) expr -> . expr TIMES expr
    (32) expr -> . expr DIV expr
    (33) expr -> . expr MOD expr
    (34) expr -> . expr AND expr
    (35) expr -> . expr OR expr
    (36) expr -> . expr LSHIFT expr
    (37) expr -> . expr RSHIFT expr
    (38) expr -> . expr LSHIFT_LOGICAL expr
    (39) expr -> . expr RSHIFT_LOGICAL expr
    (40) expr -> . expr GREATER expr
    (41) expr -> . expr LESS expr
    (42) expr -> . expr LESS_EQUAL expr
    (43) expr -> . expr GREATER_EQUAL expr
    (44) expr -> . expr EQUAL expr
    (45) expr -> . expr NOT_EQUAL expr
    (46) expr -> . expr XOR expr
    (47) expr -> . LPAREN expr RPAREN
    (48) expr -> . ID
    (49) expr -> . NUMBER

    ID              shift and go to state 4
    NOT             shift and go to state 11
    MINUS           shift and go to state 12
    BITWISE_NOT     shift and go to state 13
    LPAREN          shift and go to state 5
    NUMBER          shift and go to state 9

    expr                           shift and go to state 73

state 39

    (43) expr -> expr GREATER_EQUAL . expr
    (6) expr -> . expr UPDATE expr
    (7) expr -> . expr PLUS_EQUAL expr
    (16) expr -> . ID LPAREN args RPAREN
    (17) expr -> . ID LPAREN RPAREN
    (20) expr -> . expr LBRACE expr RBRACE
    (21) expr -> . expr LBRACE expr COLON expr RBRACE
    (22) expr -> . expr QUEST expr COLON expr
    (23) expr -> . NOT expr
    (24) expr -> . MINUS expr
    (25) expr -> . BITWISE_NOT expr
    (26) expr -> . expr BITWISE_AND expr
    (27) expr -> . expr BITWISE_OR expr
    (28) expr -> . expr OP expr
    (29) expr -> . expr PLUS expr
    (30) expr -> . expr MINUS expr
    (31) expr -> . expr TIMES expr
    (32) expr -> . expr DIV expr
    (33) expr -> . expr MOD expr
    (34) expr -> . expr AND expr
    (35) expr -> . expr OR expr
    (36) expr -> . expr LSHIFT expr
    (37) expr -> . expr RSHIFT expr
    (38) expr -> . expr LSHIFT_LOGICAL expr
    (39) expr -> . expr RSHIFT_LOGICAL expr
    (40) expr -> . expr GREATER expr
    (41) expr -> . expr LESS expr
    (42) expr -> . expr LESS_EQUAL expr
    (43) expr -> . expr GREATER_EQUAL expr
    (44) expr -> . expr EQUAL expr
    (45) expr -> . expr NOT_EQUAL expr
    (46) expr -> . expr XOR expr
    (47) expr -> . LPAREN expr RPAREN
    (48) expr -> . ID
    (49) expr -> . NUMBER

    ID              shift and go to state 4
    NOT             shift and go to state 11
    MINUS           shift and go to state 12
    BITWISE_NOT     shift and go to state 13
    LPAREN          shift and go to state 5
    NUMBER          shift and go to state 9

    expr                           shift and go to state 74

state 40

    (44) expr -> expr EQUAL . expr
    (6) expr -> . expr UPDATE expr
    (7) expr -> . expr PLUS_EQUAL expr
    (16) expr -> . ID LPAREN args RPAREN
    (17) expr -> . ID LPAREN RPAREN
    (20) expr -> . expr LBRACE expr RBRACE
    (21) expr -> . expr LBRACE expr COLON expr RBRACE
    (22) expr -> . expr QUEST expr COLON expr
    (23) expr -> . NOT expr
    (24) expr -> . MINUS expr
    (25) expr -> . BITWISE_NOT expr
    (26) expr -> . expr BITWISE_AND expr
    (27) expr -> . expr BITWISE_OR expr
    (28) expr -> . expr OP expr
    (29) expr -> . expr PLUS expr
    (30) expr -> . expr MINUS expr
    (31) expr -> . expr TIMES expr
    (32) expr -> . expr DIV expr
    (33) expr -> . expr MOD expr
    (34) expr -> . expr AND expr
    (35) expr -> . expr OR expr
    (36) expr -> . expr LSHIFT expr
    (37) expr -> . expr RSHIFT expr
    (38) expr -> . expr LSHIFT_LOGICAL expr
    (39) expr -> . expr RSHIFT_LOGICAL expr
    (40) expr -> . expr GREATER expr
    (41) expr -> . expr LESS expr
    (42) expr -> . expr LESS_EQUAL expr
    (43) expr -> . expr GREATER_EQUAL expr
    (44) expr -> . expr EQUAL expr
    (45) expr -> . expr NOT_EQUAL expr
    (46) expr -> . expr XOR expr
    (47) expr -> . LPAREN expr RPAREN
    (48) expr -> . ID
    (49) expr -> . NUMBER

    ID              shift and go to state 4
    NOT             shift and go to state 11
    MINUS           shift and go to state 12
    BITWISE_NOT     shift and go to state 13
    LPAREN          shift and go to state 5
    NUMBER          shift and go to state 9

    expr                           shift and go to state 75

state 41

    (45) expr -> expr NOT_EQUAL . expr
    (6) expr -> . expr UPDATE expr
    (7) expr -> . expr PLUS_EQUAL expr
    (16) expr -> . ID LPAREN args RPAREN
    (17) expr -> . ID LPAREN RPAREN
    (20) expr -> . expr LBRACE expr RBRACE
    (21) expr -> . expr LBRACE expr COLON expr RBRACE
    (22) expr -> . expr QUEST expr COLON expr
    (23) expr -> . NOT expr
    (24) expr -> . MINUS expr
    (25) expr -> . BITWISE_NOT expr
    (26) expr -> . expr BITWISE_AND expr
    (27) expr -> . expr BITWISE_OR expr
    (28) expr -> . expr OP expr
    (29) expr -> . expr PLUS expr
    (30) expr -> . expr MINUS expr
    (31) expr -> . expr TIMES expr
    (32) expr -> . expr DIV expr
    (33) expr -> . expr MOD expr
    (34) expr -> . expr AND expr
    (35) expr -> . expr OR expr
    (36) expr -> . expr LSHIFT expr
    (37) expr -> . expr RSHIFT expr
    (38) expr -> . expr LSHIFT_LOGICAL expr
    (39) expr -> . expr RSHIFT_LOGICAL expr
    (40) expr -> . expr GREATER expr
    (41) expr -> . expr LESS expr
    (42) expr -> . expr LESS_EQUAL expr
    (43) expr -> . expr GREATER_EQUAL expr
    (44) expr -> . expr EQUAL expr
    (45) expr -> . expr NOT_EQUAL expr
    (46) expr -> . expr XOR expr
    (47) expr -> . LPAREN expr RPAREN
    (48) expr -> . ID
    (49) expr -> . NUMBER

    ID              shift and go to state 4
    NOT             shift and go to state 11
    MINUS           shift and go to state 12
    BITWISE_NOT     shift and go to state 13
    LPAREN          shift and go to state 5
    NUMBER          shift and go to state 9

    expr                           shift and go to state 76

state 42

    (46) expr -> expr XOR . expr
    (6) expr -> . expr UPDATE expr
    (7) expr -> . expr PLUS_EQUAL expr
    (16) expr -> . ID LPAREN args RPAREN
    (17) expr -> . ID LPAREN RPAREN
    (20) expr -> . expr LBRACE expr RBRACE
    (21) expr -> . expr LBRACE expr COLON expr RBRACE
    (22) expr -> . expr QUEST expr COLON expr
    (23) expr -> . NOT expr
    (24) expr -> . MINUS expr
    (25) expr -> . BITWISE_NOT expr
    (26) expr -> . expr BITWISE_AND expr
    (27) expr -> . expr BITWISE_OR expr
    (28) expr -> . expr OP expr
    (29) expr -> . expr PLUS expr
    (30) expr -> . expr MINUS expr
    (31) expr -> . expr TIMES expr
    (32) expr -> . expr DIV expr
    (33) expr -> . expr MOD expr
    (34) expr -> . expr AND expr
    (35) expr -> . expr OR expr
    (36) expr -> . expr LSHIFT expr
    (37) expr -> . expr RSHIFT expr
    (38) expr -> . expr LSHIFT_LOGICAL expr
    (39) expr -> . expr RSHIFT_LOGICAL expr
    (40) expr -> . expr GREATER expr
    (41) expr -> . expr LESS expr
    (42) expr -> . expr LESS_EQUAL expr
    (43) expr -> . expr GREATER_EQUAL expr
    (44) expr -> . expr EQUAL expr
    (45) expr -> . expr NOT_EQUAL expr
    (46) expr -> . expr XOR expr
    (47) expr -> . LPAREN expr RPAREN
    (48) expr -> . ID
    (49) expr -> . NUMBER

    ID              shift and go to state 4
    NOT             shift and go to state 11
    MINUS           shift and go to state 12
    BITWISE_NOT     shift and go to state 13
    LPAREN          shift and go to state 5
    NUMBER          shift and go to state 9

    expr                           shift and go to state 77

state 43

    (8) stmt -> FOR ID . IN RANGE LPAREN NUMBER COMMA NUMBER COMMA NUMBER RPAREN COLON stmts ENDFOR

    IN              shift and go to state 78


state 44

    (9) stmt -> IF expr . THEN stmts FI
    (10) stmt -> IF expr . THEN stmts ELSE stmts FI
    (11) stmt -> IF expr . FI
    (12) stmt -> IF expr . THEN stmts ELSEIF expr THEN stmts ELSE stmts FI
    (13) stmt -> IF expr . stmts FI
    (14) stmt -> IF expr . stmts ELSE stmts FI
    (15) stmt -> IF expr . stmts ELSE stmts
    (6) expr -> expr . UPDATE expr
    (7) expr -> expr . PLUS_EQUAL expr
    (20) expr -> expr . LBRACE expr RBRACE
    (21) expr -> expr . LBRACE expr COLON expr RBRACE
    (22) expr -> expr . QUEST expr COLON expr
    (26) expr -> expr . BITWISE_AND expr
    (27) expr -> expr . BITWISE_OR expr
    (28) expr -> expr . OP expr
    (29) expr -> expr . PLUS expr
    (30) expr -> expr . MINUS expr
    (31) expr -> expr . TIMES expr
    (32) expr -> expr . DIV expr
    (33) expr -> expr . MOD expr
    (34) expr -> expr . AND expr
    (35) expr -> expr . OR expr
    (36) expr -> expr . LSHIFT expr
    (37) expr -> expr . RSHIFT expr
    (38) expr -> expr . LSHIFT_LOGICAL expr
    (39) expr -> expr . RSHIFT_LOGICAL expr
    (40) expr -> expr . GREATER expr
    (41) expr -> expr . LESS expr
    (42) expr -> expr . LESS_EQUAL expr
    (43) expr -> expr . GREATER_EQUAL expr
    (44) expr -> expr . EQUAL expr
    (45) expr -> expr . NOT_EQUAL expr
    (46) expr -> expr . XOR expr
    (1) stmts -> . stmt
    (2) stmts -> . stmts stmt
    (3) stmt -> . DEFINE ID LPAREN args RPAREN COLON stmts
    (4) stmt -> . BREAK
    (5) stmt -> . expr
    (8) stmt -> . FOR ID IN RANGE LPAREN NUMBER COMMA NUMBER COMMA NUMBER RPAREN COLON stmts ENDFOR
    (9) stmt -> . IF expr THEN stmts FI
    (10) stmt -> . IF expr THEN stmts ELSE stmts FI
    (11) stmt -> . IF expr FI
    (12) stmt -> . IF expr THEN stmts ELSEIF expr THEN stmts ELSE stmts FI
    (13) stmt -> . IF expr stmts FI
    (14) stmt -> . IF expr stmts ELSE stmts FI
    (15) stmt -> . IF expr stmts ELSE stmts
    (6) expr -> . expr UPDATE expr
    (7) expr -> . expr PLUS_EQUAL expr
    (16) expr -> . ID LPAREN args RPAREN
    (17) expr -> . ID LPAREN RPAREN
    (20) expr -> . expr LBRACE expr RBRACE
    (21) expr -> . expr LBRACE expr COLON expr RBRACE
    (22) expr -> . expr QUEST expr COLON expr
    (23) expr -> . NOT expr
    (24) expr -> . MINUS expr
    (25) expr -> . BITWISE_NOT expr
    (26) expr -> . expr BITWISE_AND expr
    (27) expr -> . expr BITWISE_OR expr
    (28) expr -> . expr OP expr
    (29) expr -> . expr PLUS expr
    (30) expr -> . expr MINUS expr
    (31) expr -> . expr TIMES expr
    (32) expr -> . expr DIV expr
    (33) expr -> . expr MOD expr
    (34) expr -> . expr AND expr
    (35) expr -> . expr OR expr
    (36) expr -> . expr LSHIFT expr
    (37) expr -> . expr RSHIFT expr
    (38) expr -> . expr LSHIFT_LOGICAL expr
    (39) expr -> . expr RSHIFT_LOGICAL expr
    (40) expr -> . expr GREATER expr
    (41) expr -> . expr LESS expr
    (42) expr -> . expr LESS_EQUAL expr
    (43) expr -> . expr GREATER_EQUAL expr
    (44) expr -> . expr EQUAL expr
    (45) expr -> . expr NOT_EQUAL expr
    (46) expr -> . expr XOR expr
    (47) expr -> . LPAREN expr RPAREN
    (48) expr -> . ID
    (49) expr -> . NUMBER

    THEN            shift and go to state 79
    FI              shift and go to state 81
    UPDATE          shift and go to state 18
    PLUS_EQUAL      shift and go to state 19
    LBRACE          shift and go to state 20
    QUEST           shift and go to state 21
    BITWISE_AND     shift and go to state 22
    BITWISE_OR      shift and go to state 23
    OP              shift and go to state 24
    PLUS            shift and go to state 25
    MINUS           shift and go to state 82
    TIMES           shift and go to state 27
    DIV             shift and go to state 28
    MOD             shift and go to state 29
    AND             shift and go to state 30
    OR              shift and go to state 31
    LSHIFT          shift and go to state 32
    RSHIFT          shift and go to state 33
    LSHIFT_LOGICAL  shift and go to state 34
    RSHIFT_LOGICAL  shift and go to state 35
    GREATER         shift and go to state 36
    LESS            shift and go to state 37
    LESS_EQUAL      shift and go to state 38
    GREATER_EQUAL   shift and go to state 39
    EQUAL           shift and go to state 40
    NOT_EQUAL       shift and go to state 41
    XOR             shift and go to state 42
    DEFINE          shift and go to state 3
    BREAK           shift and go to state 6
    FOR             shift and go to state 8
    IF              shift and go to state 10
    ID              shift and go to state 4
    NOT             shift and go to state 11
    BITWISE_NOT     shift and go to state 13
    LPAREN          shift and go to state 5
    NUMBER          shift and go to state 9

    expr                           shift and go to state 7
    stmts                          shift and go to state 80
    stmt                           shift and go to state 2

state 45

    (23) expr -> NOT expr .
    (6) expr -> expr . UPDATE expr
    (7) expr -> expr . PLUS_EQUAL expr
    (20) expr -> expr . LBRACE expr RBRACE
    (21) expr -> expr . LBRACE expr COLON expr RBRACE
    (22) expr -> expr . QUEST expr COLON expr
    (26) expr -> expr . BITWISE_AND expr
    (27) expr -> expr . BITWISE_OR expr
    (28) expr -> expr . OP expr
    (29) expr -> expr . PLUS expr
    (30) expr -> expr . MINUS expr
    (31) expr -> expr . TIMES expr
    (32) expr -> expr . DIV expr
    (33) expr -> expr . MOD expr
    (34) expr -> expr . AND expr
    (35) expr -> expr . OR expr
    (36) expr -> expr . LSHIFT expr
    (37) expr -> expr . RSHIFT expr
    (38) expr -> expr . LSHIFT_LOGICAL expr
    (39) expr -> expr . RSHIFT_LOGICAL expr
    (40) expr -> expr . GREATER expr
    (41) expr -> expr . LESS expr
    (42) expr -> expr . LESS_EQUAL expr
    (43) expr -> expr . GREATER_EQUAL expr
    (44) expr -> expr . EQUAL expr
    (45) expr -> expr . NOT_EQUAL expr
    (46) expr -> expr . XOR expr

    UPDATE          reduce using rule 23 (expr -> NOT expr .)
    PLUS_EQUAL      reduce using rule 23 (expr -> NOT expr .)
    QUEST           reduce using rule 23 (expr -> NOT expr .)
    BITWISE_AND     reduce using rule 23 (expr -> NOT expr .)
    BITWISE_OR      reduce using rule 23 (expr -> NOT expr .)
    OP              reduce using rule 23 (expr -> NOT expr .)
    PLUS            reduce using rule 23 (expr -> NOT expr .)
    MINUS           reduce using rule 23 (expr -> NOT expr .)
    TIMES           reduce using rule 23 (expr -> NOT expr .)
    DIV             reduce using rule 23 (expr -> NOT expr .)
    MOD             reduce using rule 23 (expr -> NOT expr .)
    AND             reduce using rule 23 (expr -> NOT expr .)
    OR              reduce using rule 23 (expr -> NOT expr .)
    LSHIFT          reduce using rule 23 (expr -> NOT expr .)
    RSHIFT          reduce using rule 23 (expr -> NOT expr .)
    LSHIFT_LOGICAL  reduce using rule 23 (expr -> NOT expr .)
    RSHIFT_LOGICAL  reduce using rule 23 (expr -> NOT expr .)
    GREATER         reduce using rule 23 (expr -> NOT expr .)
    LESS            reduce using rule 23 (expr -> NOT expr .)
    LESS_EQUAL      reduce using rule 23 (expr -> NOT expr .)
    GREATER_EQUAL   reduce using rule 23 (expr -> NOT expr .)
    EQUAL           reduce using rule 23 (expr -> NOT expr .)
    NOT_EQUAL       reduce using rule 23 (expr -> NOT expr .)
    XOR             reduce using rule 23 (expr -> NOT expr .)
    DEFINE          reduce using rule 23 (expr -> NOT expr .)
    BREAK           reduce using rule 23 (expr -> NOT expr .)
    FOR             reduce using rule 23 (expr -> NOT expr .)
    IF              reduce using rule 23 (expr -> NOT expr .)
    ID              reduce using rule 23 (expr -> NOT expr .)
    NOT             reduce using rule 23 (expr -> NOT expr .)
    BITWISE_NOT     reduce using rule 23 (expr -> NOT expr .)
    LPAREN          reduce using rule 23 (expr -> NOT expr .)
    NUMBER          reduce using rule 23 (expr -> NOT expr .)
    $end            reduce using rule 23 (expr -> NOT expr .)
    RPAREN          reduce using rule 23 (expr -> NOT expr .)
    THEN            reduce using rule 23 (expr -> NOT expr .)
    FI              reduce using rule 23 (expr -> NOT expr .)
    COMMA           reduce using rule 23 (expr -> NOT expr .)
    RBRACE          reduce using rule 23 (expr -> NOT expr .)
    COLON           reduce using rule 23 (expr -> NOT expr .)
    ELSE            reduce using rule 23 (expr -> NOT expr .)
    ELSEIF          reduce using rule 23 (expr -> NOT expr .)
    ENDFOR          reduce using rule 23 (expr -> NOT expr .)
    LBRACE          shift and go to state 20

  ! LBRACE          [ reduce using rule 23 (expr -> NOT expr .) ]
  ! UPDATE          [ shift and go to state 18 ]
  ! PLUS_EQUAL      [ shift and go to state 19 ]
  ! QUEST           [ shift and go to state 21 ]
  ! BITWISE_AND     [ shift and go to state 22 ]
  ! BITWISE_OR      [ shift and go to state 23 ]
  ! OP              [ shift and go to state 24 ]
  ! PLUS            [ shift and go to state 25 ]
  ! MINUS           [ shift and go to state 26 ]
  ! TIMES           [ shift and go to state 27 ]
  ! DIV             [ shift and go to state 28 ]
  ! MOD             [ shift and go to state 29 ]
  ! AND             [ shift and go to state 30 ]
  ! OR              [ shift and go to state 31 ]
  ! LSHIFT          [ shift and go to state 32 ]
  ! RSHIFT          [ shift and go to state 33 ]
  ! LSHIFT_LOGICAL  [ shift and go to state 34 ]
  ! RSHIFT_LOGICAL  [ shift and go to state 35 ]
  ! GREATER         [ shift and go to state 36 ]
  ! LESS            [ shift and go to state 37 ]
  ! LESS_EQUAL      [ shift and go to state 38 ]
  ! GREATER_EQUAL   [ shift and go to state 39 ]
  ! EQUAL           [ shift and go to state 40 ]
  ! NOT_EQUAL       [ shift and go to state 41 ]
  ! XOR             [ shift and go to state 42 ]


state 46

    (24) expr -> MINUS expr .
    (6) expr -> expr . UPDATE expr
    (7) expr -> expr . PLUS_EQUAL expr
    (20) expr -> expr . LBRACE expr RBRACE
    (21) expr -> expr . LBRACE expr COLON expr RBRACE
    (22) expr -> expr . QUEST expr COLON expr
    (26) expr -> expr . BITWISE_AND expr
    (27) expr -> expr . BITWISE_OR expr
    (28) expr -> expr . OP expr
    (29) expr -> expr . PLUS expr
    (30) expr -> expr . MINUS expr
    (31) expr -> expr . TIMES expr
    (32) expr -> expr . DIV expr
    (33) expr -> expr . MOD expr
    (34) expr -> expr . AND expr
    (35) expr -> expr . OR expr
    (36) expr -> expr . LSHIFT expr
    (37) expr -> expr . RSHIFT expr
    (38) expr -> expr . LSHIFT_LOGICAL expr
    (39) expr -> expr . RSHIFT_LOGICAL expr
    (40) expr -> expr . GREATER expr
    (41) expr -> expr . LESS expr
    (42) expr -> expr . LESS_EQUAL expr
    (43) expr -> expr . GREATER_EQUAL expr
    (44) expr -> expr . EQUAL expr
    (45) expr -> expr . NOT_EQUAL expr
    (46) expr -> expr . XOR expr

    UPDATE          reduce using rule 24 (expr -> MINUS expr .)
    PLUS_EQUAL      reduce using rule 24 (expr -> MINUS expr .)
    QUEST           reduce using rule 24 (expr -> MINUS expr .)
    BITWISE_AND     reduce using rule 24 (expr -> MINUS expr .)
    BITWISE_OR      reduce using rule 24 (expr -> MINUS expr .)
    OP              reduce using rule 24 (expr -> MINUS expr .)
    PLUS            reduce using rule 24 (expr -> MINUS expr .)
    MINUS           reduce using rule 24 (expr -> MINUS expr .)
    TIMES           reduce using rule 24 (expr -> MINUS expr .)
    DIV             reduce using rule 24 (expr -> MINUS expr .)
    MOD             reduce using rule 24 (expr -> MINUS expr .)
    AND             reduce using rule 24 (expr -> MINUS expr .)
    OR              reduce using rule 24 (expr -> MINUS expr .)
    LSHIFT          reduce using rule 24 (expr -> MINUS expr .)
    RSHIFT          reduce using rule 24 (expr -> MINUS expr .)
    LSHIFT_LOGICAL  reduce using rule 24 (expr -> MINUS expr .)
    RSHIFT_LOGICAL  reduce using rule 24 (expr -> MINUS expr .)
    GREATER         reduce using rule 24 (expr -> MINUS expr .)
    LESS            reduce using rule 24 (expr -> MINUS expr .)
    LESS_EQUAL      reduce using rule 24 (expr -> MINUS expr .)
    GREATER_EQUAL   reduce using rule 24 (expr -> MINUS expr .)
    EQUAL           reduce using rule 24 (expr -> MINUS expr .)
    NOT_EQUAL       reduce using rule 24 (expr -> MINUS expr .)
    XOR             reduce using rule 24 (expr -> MINUS expr .)
    DEFINE          reduce using rule 24 (expr -> MINUS expr .)
    BREAK           reduce using rule 24 (expr -> MINUS expr .)
    FOR             reduce using rule 24 (expr -> MINUS expr .)
    IF              reduce using rule 24 (expr -> MINUS expr .)
    ID              reduce using rule 24 (expr -> MINUS expr .)
    NOT             reduce using rule 24 (expr -> MINUS expr .)
    BITWISE_NOT     reduce using rule 24 (expr -> MINUS expr .)
    LPAREN          reduce using rule 24 (expr -> MINUS expr .)
    NUMBER          reduce using rule 24 (expr -> MINUS expr .)
    $end            reduce using rule 24 (expr -> MINUS expr .)
    RPAREN          reduce using rule 24 (expr -> MINUS expr .)
    THEN            reduce using rule 24 (expr -> MINUS expr .)
    FI              reduce using rule 24 (expr -> MINUS expr .)
    COMMA           reduce using rule 24 (expr -> MINUS expr .)
    RBRACE          reduce using rule 24 (expr -> MINUS expr .)
    COLON           reduce using rule 24 (expr -> MINUS expr .)
    ELSE            reduce using rule 24 (expr -> MINUS expr .)
    ELSEIF          reduce using rule 24 (expr -> MINUS expr .)
    ENDFOR          reduce using rule 24 (expr -> MINUS expr .)
    LBRACE          shift and go to state 20

  ! LBRACE          [ reduce using rule 24 (expr -> MINUS expr .) ]
  ! UPDATE          [ shift and go to state 18 ]
  ! PLUS_EQUAL      [ shift and go to state 19 ]
  ! QUEST           [ shift and go to state 21 ]
  ! BITWISE_AND     [ shift and go to state 22 ]
  ! BITWISE_OR      [ shift and go to state 23 ]
  ! OP              [ shift and go to state 24 ]
  ! PLUS            [ shift and go to state 25 ]
  ! MINUS           [ shift and go to state 26 ]
  ! TIMES           [ shift and go to state 27 ]
  ! DIV             [ shift and go to state 28 ]
  ! MOD             [ shift and go to state 29 ]
  ! AND             [ shift and go to state 30 ]
  ! OR              [ shift and go to state 31 ]
  ! LSHIFT          [ shift and go to state 32 ]
  ! RSHIFT          [ shift and go to state 33 ]
  ! LSHIFT_LOGICAL  [ shift and go to state 34 ]
  ! RSHIFT_LOGICAL  [ shift and go to state 35 ]
  ! GREATER         [ shift and go to state 36 ]
  ! LESS            [ shift and go to state 37 ]
  ! LESS_EQUAL      [ shift and go to state 38 ]
  ! GREATER_EQUAL   [ shift and go to state 39 ]
  ! EQUAL           [ shift and go to state 40 ]
  ! NOT_EQUAL       [ shift and go to state 41 ]
  ! XOR             [ shift and go to state 42 ]


state 47

    (25) expr -> BITWISE_NOT expr .
    (6) expr -> expr . UPDATE expr
    (7) expr -> expr . PLUS_EQUAL expr
    (20) expr -> expr . LBRACE expr RBRACE
    (21) expr -> expr . LBRACE expr COLON expr RBRACE
    (22) expr -> expr . QUEST expr COLON expr
    (26) expr -> expr . BITWISE_AND expr
    (27) expr -> expr . BITWISE_OR expr
    (28) expr -> expr . OP expr
    (29) expr -> expr . PLUS expr
    (30) expr -> expr . MINUS expr
    (31) expr -> expr . TIMES expr
    (32) expr -> expr . DIV expr
    (33) expr -> expr . MOD expr
    (34) expr -> expr . AND expr
    (35) expr -> expr . OR expr
    (36) expr -> expr . LSHIFT expr
    (37) expr -> expr . RSHIFT expr
    (38) expr -> expr . LSHIFT_LOGICAL expr
    (39) expr -> expr . RSHIFT_LOGICAL expr
    (40) expr -> expr . GREATER expr
    (41) expr -> expr . LESS expr
    (42) expr -> expr . LESS_EQUAL expr
    (43) expr -> expr . GREATER_EQUAL expr
    (44) expr -> expr . EQUAL expr
    (45) expr -> expr . NOT_EQUAL expr
    (46) expr -> expr . XOR expr

    UPDATE          reduce using rule 25 (expr -> BITWISE_NOT expr .)
    PLUS_EQUAL      reduce using rule 25 (expr -> BITWISE_NOT expr .)
    QUEST           reduce using rule 25 (expr -> BITWISE_NOT expr .)
    BITWISE_AND     reduce using rule 25 (expr -> BITWISE_NOT expr .)
    BITWISE_OR      reduce using rule 25 (expr -> BITWISE_NOT expr .)
    OP              reduce using rule 25 (expr -> BITWISE_NOT expr .)
    PLUS            reduce using rule 25 (expr -> BITWISE_NOT expr .)
    MINUS           reduce using rule 25 (expr -> BITWISE_NOT expr .)
    TIMES           reduce using rule 25 (expr -> BITWISE_NOT expr .)
    DIV             reduce using rule 25 (expr -> BITWISE_NOT expr .)
    MOD             reduce using rule 25 (expr -> BITWISE_NOT expr .)
    AND             reduce using rule 25 (expr -> BITWISE_NOT expr .)
    OR              reduce using rule 25 (expr -> BITWISE_NOT expr .)
    LSHIFT          reduce using rule 25 (expr -> BITWISE_NOT expr .)
    RSHIFT          reduce using rule 25 (expr -> BITWISE_NOT expr .)
    LSHIFT_LOGICAL  reduce using rule 25 (expr -> BITWISE_NOT expr .)
    RSHIFT_LOGICAL  reduce using rule 25 (expr -> BITWISE_NOT expr .)
    GREATER         reduce using rule 25 (expr -> BITWISE_NOT expr .)
    LESS            reduce using rule 25 (expr -> BITWISE_NOT expr .)
    LESS_EQUAL      reduce using rule 25 (expr -> BITWISE_NOT expr .)
    GREATER_EQUAL   reduce using rule 25 (expr -> BITWISE_NOT expr .)
    EQUAL           reduce using rule 25 (expr -> BITWISE_NOT expr .)
    NOT_EQUAL       reduce using rule 25 (expr -> BITWISE_NOT expr .)
    XOR             reduce using rule 25 (expr -> BITWISE_NOT expr .)
    DEFINE          reduce using rule 25 (expr -> BITWISE_NOT expr .)
    BREAK           reduce using rule 25 (expr -> BITWISE_NOT expr .)
    FOR             reduce using rule 25 (expr -> BITWISE_NOT expr .)
    IF              reduce using rule 25 (expr -> BITWISE_NOT expr .)
    ID              reduce using rule 25 (expr -> BITWISE_NOT expr .)
    NOT             reduce using rule 25 (expr -> BITWISE_NOT expr .)
    BITWISE_NOT     reduce using rule 25 (expr -> BITWISE_NOT expr .)
    LPAREN          reduce using rule 25 (expr -> BITWISE_NOT expr .)
    NUMBER          reduce using rule 25 (expr -> BITWISE_NOT expr .)
    $end            reduce using rule 25 (expr -> BITWISE_NOT expr .)
    RPAREN          reduce using rule 25 (expr -> BITWISE_NOT expr .)
    THEN            reduce using rule 25 (expr -> BITWISE_NOT expr .)
    FI              reduce using rule 25 (expr -> BITWISE_NOT expr .)
    COMMA           reduce using rule 25 (expr -> BITWISE_NOT expr .)
    RBRACE          reduce using rule 25 (expr -> BITWISE_NOT expr .)
    COLON           reduce using rule 25 (expr -> BITWISE_NOT expr .)
    ELSE            reduce using rule 25 (expr -> BITWISE_NOT expr .)
    ELSEIF          reduce using rule 25 (expr -> BITWISE_NOT expr .)
    ENDFOR          reduce using rule 25 (expr -> BITWISE_NOT expr .)
    LBRACE          shift and go to state 20

  ! LBRACE          [ reduce using rule 25 (expr -> BITWISE_NOT expr .) ]
  ! UPDATE          [ shift and go to state 18 ]
  ! PLUS_EQUAL      [ shift and go to state 19 ]
  ! QUEST           [ shift and go to state 21 ]
  ! BITWISE_AND     [ shift and go to state 22 ]
  ! BITWISE_OR      [ shift and go to state 23 ]
  ! OP              [ shift and go to state 24 ]
  ! PLUS            [ shift and go to state 25 ]
  ! MINUS           [ shift and go to state 26 ]
  ! TIMES           [ shift and go to state 27 ]
  ! DIV             [ shift and go to state 28 ]
  ! MOD             [ shift and go to state 29 ]
  ! AND             [ shift and go to state 30 ]
  ! OR              [ shift and go to state 31 ]
  ! LSHIFT          [ shift and go to state 32 ]
  ! RSHIFT          [ shift and go to state 33 ]
  ! LSHIFT_LOGICAL  [ shift and go to state 34 ]
  ! RSHIFT_LOGICAL  [ shift and go to state 35 ]
  ! GREATER         [ shift and go to state 36 ]
  ! LESS            [ shift and go to state 37 ]
  ! LESS_EQUAL      [ shift and go to state 38 ]
  ! GREATER_EQUAL   [ shift and go to state 39 ]
  ! EQUAL           [ shift and go to state 40 ]
  ! NOT_EQUAL       [ shift and go to state 41 ]
  ! XOR             [ shift and go to state 42 ]


state 48

    (3) stmt -> DEFINE ID LPAREN . args RPAREN COLON stmts
    (18) args -> . expr
    (19) args -> . args COMMA expr
    (6) expr -> . expr UPDATE expr
    (7) expr -> . expr PLUS_EQUAL expr
    (16) expr -> . ID LPAREN args RPAREN
    (17) expr -> . ID LPAREN RPAREN
    (20) expr -> . expr LBRACE expr RBRACE
    (21) expr -> . expr LBRACE expr COLON expr RBRACE
    (22) expr -> . expr QUEST expr COLON expr
    (23) expr -> . NOT expr
    (24) expr -> . MINUS expr
    (25) expr -> . BITWISE_NOT expr
    (26) expr -> . expr BITWISE_AND expr
    (27) expr -> . expr BITWISE_OR expr
    (28) expr -> . expr OP expr
    (29) expr -> . expr PLUS expr
    (30) expr -> . expr MINUS expr
    (31) expr -> . expr TIMES expr
    (32) expr -> . expr DIV expr
    (33) expr -> . expr MOD expr
    (34) expr -> . expr AND expr
    (35) expr -> . expr OR expr
    (36) expr -> . expr LSHIFT expr
    (37) expr -> . expr RSHIFT expr
    (38) expr -> . expr LSHIFT_LOGICAL expr
    (39) expr -> . expr RSHIFT_LOGICAL expr
    (40) expr -> . expr GREATER expr
    (41) expr -> . expr LESS expr
    (42) expr -> . expr LESS_EQUAL expr
    (43) expr -> . expr GREATER_EQUAL expr
    (44) expr -> . expr EQUAL expr
    (45) expr -> . expr NOT_EQUAL expr
    (46) expr -> . expr XOR expr
    (47) expr -> . LPAREN expr RPAREN
    (48) expr -> . ID
    (49) expr -> . NUMBER

    ID              shift and go to state 4
    NOT             shift and go to state 11
    MINUS           shift and go to state 12
    BITWISE_NOT     shift and go to state 13
    LPAREN          shift and go to state 5
    NUMBER          shift and go to state 9

    args                           shift and go to state 83
    expr                           shift and go to state 51

state 49

    (16) expr -> ID LPAREN args . RPAREN
    (19) args -> args . COMMA expr

    RPAREN          shift and go to state 84
    COMMA           shift and go to state 85


state 50

    (17) expr -> ID LPAREN RPAREN .

    UPDATE          reduce using rule 17 (expr -> ID LPAREN RPAREN .)
    PLUS_EQUAL      reduce using rule 17 (expr -> ID LPAREN RPAREN .)
    LBRACE          reduce using rule 17 (expr -> ID LPAREN RPAREN .)
    QUEST           reduce using rule 17 (expr -> ID LPAREN RPAREN .)
    BITWISE_AND     reduce using rule 17 (expr -> ID LPAREN RPAREN .)
    BITWISE_OR      reduce using rule 17 (expr -> ID LPAREN RPAREN .)
    OP              reduce using rule 17 (expr -> ID LPAREN RPAREN .)
    PLUS            reduce using rule 17 (expr -> ID LPAREN RPAREN .)
    MINUS           reduce using rule 17 (expr -> ID LPAREN RPAREN .)
    TIMES           reduce using rule 17 (expr -> ID LPAREN RPAREN .)
    DIV             reduce using rule 17 (expr -> ID LPAREN RPAREN .)
    MOD             reduce using rule 17 (expr -> ID LPAREN RPAREN .)
    AND             reduce using rule 17 (expr -> ID LPAREN RPAREN .)
    OR              reduce using rule 17 (expr -> ID LPAREN RPAREN .)
    LSHIFT          reduce using rule 17 (expr -> ID LPAREN RPAREN .)
    RSHIFT          reduce using rule 17 (expr -> ID LPAREN RPAREN .)
    LSHIFT_LOGICAL  reduce using rule 17 (expr -> ID LPAREN RPAREN .)
    RSHIFT_LOGICAL  reduce using rule 17 (expr -> ID LPAREN RPAREN .)
    GREATER         reduce using rule 17 (expr -> ID LPAREN RPAREN .)
    LESS            reduce using rule 17 (expr -> ID LPAREN RPAREN .)
    LESS_EQUAL      reduce using rule 17 (expr -> ID LPAREN RPAREN .)
    GREATER_EQUAL   reduce using rule 17 (expr -> ID LPAREN RPAREN .)
    EQUAL           reduce using rule 17 (expr -> ID LPAREN RPAREN .)
    NOT_EQUAL       reduce using rule 17 (expr -> ID LPAREN RPAREN .)
    XOR             reduce using rule 17 (expr -> ID LPAREN RPAREN .)
    DEFINE          reduce using rule 17 (expr -> ID LPAREN RPAREN .)
    BREAK           reduce using rule 17 (expr -> ID LPAREN RPAREN .)
    FOR             reduce using rule 17 (expr -> ID LPAREN RPAREN .)
    IF              reduce using rule 17 (expr -> ID LPAREN RPAREN .)
    ID              reduce using rule 17 (expr -> ID LPAREN RPAREN .)
    NOT             reduce using rule 17 (expr -> ID LPAREN RPAREN .)
    BITWISE_NOT     reduce using rule 17 (expr -> ID LPAREN RPAREN .)
    LPAREN          reduce using rule 17 (expr -> ID LPAREN RPAREN .)
    NUMBER          reduce using rule 17 (expr -> ID LPAREN RPAREN .)
    $end            reduce using rule 17 (expr -> ID LPAREN RPAREN .)
    RPAREN          reduce using rule 17 (expr -> ID LPAREN RPAREN .)
    THEN            reduce using rule 17 (expr -> ID LPAREN RPAREN .)
    FI              reduce using rule 17 (expr -> ID LPAREN RPAREN .)
    COMMA           reduce using rule 17 (expr -> ID LPAREN RPAREN .)
    RBRACE          reduce using rule 17 (expr -> ID LPAREN RPAREN .)
    COLON           reduce using rule 17 (expr -> ID LPAREN RPAREN .)
    ELSE            reduce using rule 17 (expr -> ID LPAREN RPAREN .)
    ELSEIF          reduce using rule 17 (expr -> ID LPAREN RPAREN .)
    ENDFOR          reduce using rule 17 (expr -> ID LPAREN RPAREN .)


state 51

    (18) args -> expr .
    (6) expr -> expr . UPDATE expr
    (7) expr -> expr . PLUS_EQUAL expr
    (20) expr -> expr . LBRACE expr RBRACE
    (21) expr -> expr . LBRACE expr COLON expr RBRACE
    (22) expr -> expr . QUEST expr COLON expr
    (26) expr -> expr . BITWISE_AND expr
    (27) expr -> expr . BITWISE_OR expr
    (28) expr -> expr . OP expr
    (29) expr -> expr . PLUS expr
    (30) expr -> expr . MINUS expr
    (31) expr -> expr . TIMES expr
    (32) expr -> expr . DIV expr
    (33) expr -> expr . MOD expr
    (34) expr -> expr . AND expr
    (35) expr -> expr . OR expr
    (36) expr -> expr . LSHIFT expr
    (37) expr -> expr . RSHIFT expr
    (38) expr -> expr . LSHIFT_LOGICAL expr
    (39) expr -> expr . RSHIFT_LOGICAL expr
    (40) expr -> expr . GREATER expr
    (41) expr -> expr . LESS expr
    (42) expr -> expr . LESS_EQUAL expr
    (43) expr -> expr . GREATER_EQUAL expr
    (44) expr -> expr . EQUAL expr
    (45) expr -> expr . NOT_EQUAL expr
    (46) expr -> expr . XOR expr

    RPAREN          reduce using rule 18 (args -> expr .)
    COMMA           reduce using rule 18 (args -> expr .)
    UPDATE          shift and go to state 18
    PLUS_EQUAL      shift and go to state 19
    LBRACE          shift and go to state 20
    QUEST           shift and go to state 21
    BITWISE_AND     shift and go to state 22
    BITWISE_OR      shift and go to state 23
    OP              shift and go to state 24
    PLUS            shift and go to state 25
    MINUS           shift and go to state 26
    TIMES           shift and go to state 27
    DIV             shift and go to state 28
    MOD             shift and go to state 29
    AND             shift and go to state 30
    OR              shift and go to state 31
    LSHIFT          shift and go to state 32
    RSHIFT          shift and go to state 33
    LSHIFT_LOGICAL  shift and go to state 34
    RSHIFT_LOGICAL  shift and go to state 35
    GREATER         shift and go to state 36
    LESS            shift and go to state 37
    LESS_EQUAL      shift and go to state 38
    GREATER_EQUAL   shift and go to state 39
    EQUAL           shift and go to state 40
    NOT_EQUAL       shift and go to state 41
    XOR             shift and go to state 42


state 52

    (47) expr -> LPAREN expr RPAREN .

    UPDATE          reduce using rule 47 (expr -> LPAREN expr RPAREN .)
    PLUS_EQUAL      reduce using rule 47 (expr -> LPAREN expr RPAREN .)
    LBRACE          reduce using rule 47 (expr -> LPAREN expr RPAREN .)
    QUEST           reduce using rule 47 (expr -> LPAREN expr RPAREN .)
    BITWISE_AND     reduce using rule 47 (expr -> LPAREN expr RPAREN .)
    BITWISE_OR      reduce using rule 47 (expr -> LPAREN expr RPAREN .)
    OP              reduce using rule 47 (expr -> LPAREN expr RPAREN .)
    PLUS            reduce using rule 47 (expr -> LPAREN expr RPAREN .)
    MINUS           reduce using rule 47 (expr -> LPAREN expr RPAREN .)
    TIMES           reduce using rule 47 (expr -> LPAREN expr RPAREN .)
    DIV             reduce using rule 47 (expr -> LPAREN expr RPAREN .)
    MOD             reduce using rule 47 (expr -> LPAREN expr RPAREN .)
    AND             reduce using rule 47 (expr -> LPAREN expr RPAREN .)
    OR              reduce using rule 47 (expr -> LPAREN expr RPAREN .)
    LSHIFT          reduce using rule 47 (expr -> LPAREN expr RPAREN .)
    RSHIFT          reduce using rule 47 (expr -> LPAREN expr RPAREN .)
    LSHIFT_LOGICAL  reduce using rule 47 (expr -> LPAREN expr RPAREN .)
    RSHIFT_LOGICAL  reduce using rule 47 (expr -> LPAREN expr RPAREN .)
    GREATER         reduce using rule 47 (expr -> LPAREN expr RPAREN .)
    LESS            reduce using rule 47 (expr -> LPAREN expr RPAREN .)
    LESS_EQUAL      reduce using rule 47 (expr -> LPAREN expr RPAREN .)
    GREATER_EQUAL   reduce using rule 47 (expr -> LPAREN expr RPAREN .)
    EQUAL           reduce using rule 47 (expr -> LPAREN expr RPAREN .)
    NOT_EQUAL       reduce using rule 47 (expr -> LPAREN expr RPAREN .)
    XOR             reduce using rule 47 (expr -> LPAREN expr RPAREN .)
    DEFINE          reduce using rule 47 (expr -> LPAREN expr RPAREN .)
    BREAK           reduce using rule 47 (expr -> LPAREN expr RPAREN .)
    FOR             reduce using rule 47 (expr -> LPAREN expr RPAREN .)
    IF              reduce using rule 47 (expr -> LPAREN expr RPAREN .)
    ID              reduce using rule 47 (expr -> LPAREN expr RPAREN .)
    NOT             reduce using rule 47 (expr -> LPAREN expr RPAREN .)
    BITWISE_NOT     reduce using rule 47 (expr -> LPAREN expr RPAREN .)
    LPAREN          reduce using rule 47 (expr -> LPAREN expr RPAREN .)
    NUMBER          reduce using rule 47 (expr -> LPAREN expr RPAREN .)
    $end            reduce using rule 47 (expr -> LPAREN expr RPAREN .)
    RPAREN          reduce using rule 47 (expr -> LPAREN expr RPAREN .)
    THEN            reduce using rule 47 (expr -> LPAREN expr RPAREN .)
    FI              reduce using rule 47 (expr -> LPAREN expr RPAREN .)
    COMMA           reduce using rule 47 (expr -> LPAREN expr RPAREN .)
    RBRACE          reduce using rule 47 (expr -> LPAREN expr RPAREN .)
    COLON           reduce using rule 47 (expr -> LPAREN expr RPAREN .)
    ELSE            reduce using rule 47 (expr -> LPAREN expr RPAREN .)
    ELSEIF          reduce using rule 47 (expr -> LPAREN expr RPAREN .)
    ENDFOR          reduce using rule 47 (expr -> LPAREN expr RPAREN .)


state 53

    (6) expr -> expr UPDATE expr .
    (6) expr -> expr . UPDATE expr
    (7) expr -> expr . PLUS_EQUAL expr
    (20) expr -> expr . LBRACE expr RBRACE
    (21) expr -> expr . LBRACE expr COLON expr RBRACE
    (22) expr -> expr . QUEST expr COLON expr
    (26) expr -> expr . BITWISE_AND expr
    (27) expr -> expr . BITWISE_OR expr
    (28) expr -> expr . OP expr
    (29) expr -> expr . PLUS expr
    (30) expr -> expr . MINUS expr
    (31) expr -> expr . TIMES expr
    (32) expr -> expr . DIV expr
    (33) expr -> expr . MOD expr
    (34) expr -> expr . AND expr
    (35) expr -> expr . OR expr
    (36) expr -> expr . LSHIFT expr
    (37) expr -> expr . RSHIFT expr
    (38) expr -> expr . LSHIFT_LOGICAL expr
    (39) expr -> expr . RSHIFT_LOGICAL expr
    (40) expr -> expr . GREATER expr
    (41) expr -> expr . LESS expr
    (42) expr -> expr . LESS_EQUAL expr
    (43) expr -> expr . GREATER_EQUAL expr
    (44) expr -> expr . EQUAL expr
    (45) expr -> expr . NOT_EQUAL expr
    (46) expr -> expr . XOR expr

  ! shift/reduce conflict for UPDATE resolved as shift
  ! shift/reduce conflict for PLUS_EQUAL resolved as shift
  ! shift/reduce conflict for LBRACE resolved as shift
  ! shift/reduce conflict for QUEST resolved as shift
  ! shift/reduce conflict for BITWISE_AND resolved as shift
  ! shift/reduce conflict for BITWISE_OR resolved as shift
  ! shift/reduce conflict for OP resolved as shift
  ! shift/reduce conflict for PLUS resolved as shift
  ! shift/reduce conflict for MINUS resolved as shift
  ! shift/reduce conflict for TIMES resolved as shift
  ! shift/reduce conflict for DIV resolved as shift
  ! shift/reduce conflict for MOD resolved as shift
  ! shift/reduce conflict for AND resolved as shift
  ! shift/reduce conflict for OR resolved as shift
  ! shift/reduce conflict for LSHIFT resolved as shift
  ! shift/reduce conflict for RSHIFT resolved as shift
  ! shift/reduce conflict for LSHIFT_LOGICAL resolved as shift
  ! shift/reduce conflict for RSHIFT_LOGICAL resolved as shift
  ! shift/reduce conflict for GREATER resolved as shift
  ! shift/reduce conflict for LESS resolved as shift
  ! shift/reduce conflict for LESS_EQUAL resolved as shift
  ! shift/reduce conflict for GREATER_EQUAL resolved as shift
  ! shift/reduce conflict for EQUAL resolved as shift
  ! shift/reduce conflict for NOT_EQUAL resolved as shift
  ! shift/reduce conflict for XOR resolved as shift
    DEFINE          reduce using rule 6 (expr -> expr UPDATE expr .)
    BREAK           reduce using rule 6 (expr -> expr UPDATE expr .)
    FOR             reduce using rule 6 (expr -> expr UPDATE expr .)
    IF              reduce using rule 6 (expr -> expr UPDATE expr .)
    ID              reduce using rule 6 (expr -> expr UPDATE expr .)
    NOT             reduce using rule 6 (expr -> expr UPDATE expr .)
    BITWISE_NOT     reduce using rule 6 (expr -> expr UPDATE expr .)
    LPAREN          reduce using rule 6 (expr -> expr UPDATE expr .)
    NUMBER          reduce using rule 6 (expr -> expr UPDATE expr .)
    $end            reduce using rule 6 (expr -> expr UPDATE expr .)
    RPAREN          reduce using rule 6 (expr -> expr UPDATE expr .)
    THEN            reduce using rule 6 (expr -> expr UPDATE expr .)
    FI              reduce using rule 6 (expr -> expr UPDATE expr .)
    COMMA           reduce using rule 6 (expr -> expr UPDATE expr .)
    RBRACE          reduce using rule 6 (expr -> expr UPDATE expr .)
    COLON           reduce using rule 6 (expr -> expr UPDATE expr .)
    ELSE            reduce using rule 6 (expr -> expr UPDATE expr .)
    ELSEIF          reduce using rule 6 (expr -> expr UPDATE expr .)
    ENDFOR          reduce using rule 6 (expr -> expr UPDATE expr .)
    UPDATE          shift and go to state 18
    PLUS_EQUAL      shift and go to state 19
    LBRACE          shift and go to state 20
    QUEST           shift and go to state 21
    BITWISE_AND     shift and go to state 22
    BITWISE_OR      shift and go to state 23
    OP              shift and go to state 24
    PLUS            shift and go to state 25
    MINUS           shift and go to state 26
    TIMES           shift and go to state 27
    DIV             shift and go to state 28
    MOD             shift and go to state 29
    AND             shift and go to state 30
    OR              shift and go to state 31
    LSHIFT          shift and go to state 32
    RSHIFT          shift and go to state 33
    LSHIFT_LOGICAL  shift and go to state 34
    RSHIFT_LOGICAL  shift and go to state 35
    GREATER         shift and go to state 36
    LESS            shift and go to state 37
    LESS_EQUAL      shift and go to state 38
    GREATER_EQUAL   shift and go to state 39
    EQUAL           shift and go to state 40
    NOT_EQUAL       shift and go to state 41
    XOR             shift and go to state 42

  ! UPDATE          [ reduce using rule 6 (expr -> expr UPDATE expr .) ]
  ! PLUS_EQUAL      [ reduce using rule 6 (expr -> expr UPDATE expr .) ]
  ! LBRACE          [ reduce using rule 6 (expr -> expr UPDATE expr .) ]
  ! QUEST           [ reduce using rule 6 (expr -> expr UPDATE expr .) ]
  ! BITWISE_AND     [ reduce using rule 6 (expr -> expr UPDATE expr .) ]
  ! BITWISE_OR      [ reduce using rule 6 (expr -> expr UPDATE expr .) ]
  ! OP              [ reduce using rule 6 (expr -> expr UPDATE expr .) ]
  ! PLUS            [ reduce using rule 6 (expr -> expr UPDATE expr .) ]
  ! MINUS           [ reduce using rule 6 (expr -> expr UPDATE expr .) ]
  ! TIMES           [ reduce using rule 6 (expr -> expr UPDATE expr .) ]
  ! DIV             [ reduce using rule 6 (expr -> expr UPDATE expr .) ]
  ! MOD             [ reduce using rule 6 (expr -> expr UPDATE expr .) ]
  ! AND             [ reduce using rule 6 (expr -> expr UPDATE expr .) ]
  ! OR              [ reduce using rule 6 (expr -> expr UPDATE expr .) ]
  ! LSHIFT          [ reduce using rule 6 (expr -> expr UPDATE expr .) ]
  ! RSHIFT          [ reduce using rule 6 (expr -> expr UPDATE expr .) ]
  ! LSHIFT_LOGICAL  [ reduce using rule 6 (expr -> expr UPDATE expr .) ]
  ! RSHIFT_LOGICAL  [ reduce using rule 6 (expr -> expr UPDATE expr .) ]
  ! GREATER         [ reduce using rule 6 (expr -> expr UPDATE expr .) ]
  ! LESS            [ reduce using rule 6 (expr -> expr UPDATE expr .) ]
  ! LESS_EQUAL      [ reduce using rule 6 (expr -> expr UPDATE expr .) ]
  ! GREATER_EQUAL   [ reduce using rule 6 (expr -> expr UPDATE expr .) ]
  ! EQUAL           [ reduce using rule 6 (expr -> expr UPDATE expr .) ]
  ! NOT_EQUAL       [ reduce using rule 6 (expr -> expr UPDATE expr .) ]
  ! XOR             [ reduce using rule 6 (expr -> expr UPDATE expr .) ]


state 54

    (7) expr -> expr PLUS_EQUAL expr .
    (6) expr -> expr . UPDATE expr
    (7) expr -> expr . PLUS_EQUAL expr
    (20) expr -> expr . LBRACE expr RBRACE
    (21) expr -> expr . LBRACE expr COLON expr RBRACE
    (22) expr -> expr . QUEST expr COLON expr
    (26) expr -> expr . BITWISE_AND expr
    (27) expr -> expr . BITWISE_OR expr
    (28) expr -> expr . OP expr
    (29) expr -> expr . PLUS expr
    (30) expr -> expr . MINUS expr
    (31) expr -> expr . TIMES expr
    (32) expr -> expr . DIV expr
    (33) expr -> expr . MOD expr
    (34) expr -> expr . AND expr
    (35) expr -> expr . OR expr
    (36) expr -> expr . LSHIFT expr
    (37) expr -> expr . RSHIFT expr
    (38) expr -> expr . LSHIFT_LOGICAL expr
    (39) expr -> expr . RSHIFT_LOGICAL expr
    (40) expr -> expr . GREATER expr
    (41) expr -> expr . LESS expr
    (42) expr -> expr . LESS_EQUAL expr
    (43) expr -> expr . GREATER_EQUAL expr
    (44) expr -> expr . EQUAL expr
    (45) expr -> expr . NOT_EQUAL expr
    (46) expr -> expr . XOR expr

  ! shift/reduce conflict for UPDATE resolved as shift
  ! shift/reduce conflict for PLUS_EQUAL resolved as shift
  ! shift/reduce conflict for LBRACE resolved as shift
  ! shift/reduce conflict for QUEST resolved as shift
  ! shift/reduce conflict for BITWISE_AND resolved as shift
  ! shift/reduce conflict for BITWISE_OR resolved as shift
  ! shift/reduce conflict for OP resolved as shift
  ! shift/reduce conflict for PLUS resolved as shift
  ! shift/reduce conflict for MINUS resolved as shift
  ! shift/reduce conflict for TIMES resolved as shift
  ! shift/reduce conflict for DIV resolved as shift
  ! shift/reduce conflict for MOD resolved as shift
  ! shift/reduce conflict for AND resolved as shift
  ! shift/reduce conflict for OR resolved as shift
  ! shift/reduce conflict for LSHIFT resolved as shift
  ! shift/reduce conflict for RSHIFT resolved as shift
  ! shift/reduce conflict for LSHIFT_LOGICAL resolved as shift
  ! shift/reduce conflict for RSHIFT_LOGICAL resolved as shift
  ! shift/reduce conflict for GREATER resolved as shift
  ! shift/reduce conflict for LESS resolved as shift
  ! shift/reduce conflict for LESS_EQUAL resolved as shift
  ! shift/reduce conflict for GREATER_EQUAL resolved as shift
  ! shift/reduce conflict for EQUAL resolved as shift
  ! shift/reduce conflict for NOT_EQUAL resolved as shift
  ! shift/reduce conflict for XOR resolved as shift
    DEFINE          reduce using rule 7 (expr -> expr PLUS_EQUAL expr .)
    BREAK           reduce using rule 7 (expr -> expr PLUS_EQUAL expr .)
    FOR             reduce using rule 7 (expr -> expr PLUS_EQUAL expr .)
    IF              reduce using rule 7 (expr -> expr PLUS_EQUAL expr .)
    ID              reduce using rule 7 (expr -> expr PLUS_EQUAL expr .)
    NOT             reduce using rule 7 (expr -> expr PLUS_EQUAL expr .)
    BITWISE_NOT     reduce using rule 7 (expr -> expr PLUS_EQUAL expr .)
    LPAREN          reduce using rule 7 (expr -> expr PLUS_EQUAL expr .)
    NUMBER          reduce using rule 7 (expr -> expr PLUS_EQUAL expr .)
    $end            reduce using rule 7 (expr -> expr PLUS_EQUAL expr .)
    RPAREN          reduce using rule 7 (expr -> expr PLUS_EQUAL expr .)
    THEN            reduce using rule 7 (expr -> expr PLUS_EQUAL expr .)
    FI              reduce using rule 7 (expr -> expr PLUS_EQUAL expr .)
    COMMA           reduce using rule 7 (expr -> expr PLUS_EQUAL expr .)
    RBRACE          reduce using rule 7 (expr -> expr PLUS_EQUAL expr .)
    COLON           reduce using rule 7 (expr -> expr PLUS_EQUAL expr .)
    ELSE            reduce using rule 7 (expr -> expr PLUS_EQUAL expr .)
    ELSEIF          reduce using rule 7 (expr -> expr PLUS_EQUAL expr .)
    ENDFOR          reduce using rule 7 (expr -> expr PLUS_EQUAL expr .)
    UPDATE          shift and go to state 18
    PLUS_EQUAL      shift and go to state 19
    LBRACE          shift and go to state 20
    QUEST           shift and go to state 21
    BITWISE_AND     shift and go to state 22
    BITWISE_OR      shift and go to state 23
    OP              shift and go to state 24
    PLUS            shift and go to state 25
    MINUS           shift and go to state 26
    TIMES           shift and go to state 27
    DIV             shift and go to state 28
    MOD             shift and go to state 29
    AND             shift and go to state 30
    OR              shift and go to state 31
    LSHIFT          shift and go to state 32
    RSHIFT          shift and go to state 33
    LSHIFT_LOGICAL  shift and go to state 34
    RSHIFT_LOGICAL  shift and go to state 35
    GREATER         shift and go to state 36
    LESS            shift and go to state 37
    LESS_EQUAL      shift and go to state 38
    GREATER_EQUAL   shift and go to state 39
    EQUAL           shift and go to state 40
    NOT_EQUAL       shift and go to state 41
    XOR             shift and go to state 42

  ! UPDATE          [ reduce using rule 7 (expr -> expr PLUS_EQUAL expr .) ]
  ! PLUS_EQUAL      [ reduce using rule 7 (expr -> expr PLUS_EQUAL expr .) ]
  ! LBRACE          [ reduce using rule 7 (expr -> expr PLUS_EQUAL expr .) ]
  ! QUEST           [ reduce using rule 7 (expr -> expr PLUS_EQUAL expr .) ]
  ! BITWISE_AND     [ reduce using rule 7 (expr -> expr PLUS_EQUAL expr .) ]
  ! BITWISE_OR      [ reduce using rule 7 (expr -> expr PLUS_EQUAL expr .) ]
  ! OP              [ reduce using rule 7 (expr -> expr PLUS_EQUAL expr .) ]
  ! PLUS            [ reduce using rule 7 (expr -> expr PLUS_EQUAL expr .) ]
  ! MINUS           [ reduce using rule 7 (expr -> expr PLUS_EQUAL expr .) ]
  ! TIMES           [ reduce using rule 7 (expr -> expr PLUS_EQUAL expr .) ]
  ! DIV             [ reduce using rule 7 (expr -> expr PLUS_EQUAL expr .) ]
  ! MOD             [ reduce using rule 7 (expr -> expr PLUS_EQUAL expr .) ]
  ! AND             [ reduce using rule 7 (expr -> expr PLUS_EQUAL expr .) ]
  ! OR              [ reduce using rule 7 (expr -> expr PLUS_EQUAL expr .) ]
  ! LSHIFT          [ reduce using rule 7 (expr -> expr PLUS_EQUAL expr .) ]
  ! RSHIFT          [ reduce using rule 7 (expr -> expr PLUS_EQUAL expr .) ]
  ! LSHIFT_LOGICAL  [ reduce using rule 7 (expr -> expr PLUS_EQUAL expr .) ]
  ! RSHIFT_LOGICAL  [ reduce using rule 7 (expr -> expr PLUS_EQUAL expr .) ]
  ! GREATER         [ reduce using rule 7 (expr -> expr PLUS_EQUAL expr .) ]
  ! LESS            [ reduce using rule 7 (expr -> expr PLUS_EQUAL expr .) ]
  ! LESS_EQUAL      [ reduce using rule 7 (expr -> expr PLUS_EQUAL expr .) ]
  ! GREATER_EQUAL   [ reduce using rule 7 (expr -> expr PLUS_EQUAL expr .) ]
  ! EQUAL           [ reduce using rule 7 (expr -> expr PLUS_EQUAL expr .) ]
  ! NOT_EQUAL       [ reduce using rule 7 (expr -> expr PLUS_EQUAL expr .) ]
  ! XOR             [ reduce using rule 7 (expr -> expr PLUS_EQUAL expr .) ]


state 55

    (20) expr -> expr LBRACE expr . RBRACE
    (21) expr -> expr LBRACE expr . COLON expr RBRACE
    (6) expr -> expr . UPDATE expr
    (7) expr -> expr . PLUS_EQUAL expr
    (20) expr -> expr . LBRACE expr RBRACE
    (21) expr -> expr . LBRACE expr COLON expr RBRACE
    (22) expr -> expr . QUEST expr COLON expr
    (26) expr -> expr . BITWISE_AND expr
    (27) expr -> expr . BITWISE_OR expr
    (28) expr -> expr . OP expr
    (29) expr -> expr . PLUS expr
    (30) expr -> expr . MINUS expr
    (31) expr -> expr . TIMES expr
    (32) expr -> expr . DIV expr
    (33) expr -> expr . MOD expr
    (34) expr -> expr . AND expr
    (35) expr -> expr . OR expr
    (36) expr -> expr . LSHIFT expr
    (37) expr -> expr . RSHIFT expr
    (38) expr -> expr . LSHIFT_LOGICAL expr
    (39) expr -> expr . RSHIFT_LOGICAL expr
    (40) expr -> expr . GREATER expr
    (41) expr -> expr . LESS expr
    (42) expr -> expr . LESS_EQUAL expr
    (43) expr -> expr . GREATER_EQUAL expr
    (44) expr -> expr . EQUAL expr
    (45) expr -> expr . NOT_EQUAL expr
    (46) expr -> expr . XOR expr

    RBRACE          shift and go to state 86
    COLON           shift and go to state 87
    UPDATE          shift and go to state 18
    PLUS_EQUAL      shift and go to state 19
    LBRACE          shift and go to state 20
    QUEST           shift and go to state 21
    BITWISE_AND     shift and go to state 22
    BITWISE_OR      shift and go to state 23
    OP              shift and go to state 24
    PLUS            shift and go to state 25
    MINUS           shift and go to state 26
    TIMES           shift and go to state 27
    DIV             shift and go to state 28
    MOD             shift and go to state 29
    AND             shift and go to state 30
    OR              shift and go to state 31
    LSHIFT          shift and go to state 32
    RSHIFT          shift and go to state 33
    LSHIFT_LOGICAL  shift and go to state 34
    RSHIFT_LOGICAL  shift and go to state 35
    GREATER         shift and go to state 36
    LESS            shift and go to state 37
    LESS_EQUAL      shift and go to state 38
    GREATER_EQUAL   shift and go to state 39
    EQUAL           shift and go to state 40
    NOT_EQUAL       shift and go to state 41
    XOR             shift and go to state 42


state 56

    (22) expr -> expr QUEST expr . COLON expr
    (6) expr -> expr . UPDATE expr
    (7) expr -> expr . PLUS_EQUAL expr
    (20) expr -> expr . LBRACE expr RBRACE
    (21) expr -> expr . LBRACE expr COLON expr RBRACE
    (22) expr -> expr . QUEST expr COLON expr
    (26) expr -> expr . BITWISE_AND expr
    (27) expr -> expr . BITWISE_OR expr
    (28) expr -> expr . OP expr
    (29) expr -> expr . PLUS expr
    (30) expr -> expr . MINUS expr
    (31) expr -> expr . TIMES expr
    (32) expr -> expr . DIV expr
    (33) expr -> expr . MOD expr
    (34) expr -> expr . AND expr
    (35) expr -> expr . OR expr
    (36) expr -> expr . LSHIFT expr
    (37) expr -> expr . RSHIFT expr
    (38) expr -> expr . LSHIFT_LOGICAL expr
    (39) expr -> expr . RSHIFT_LOGICAL expr
    (40) expr -> expr . GREATER expr
    (41) expr -> expr . LESS expr
    (42) expr -> expr . LESS_EQUAL expr
    (43) expr -> expr . GREATER_EQUAL expr
    (44) expr -> expr . EQUAL expr
    (45) expr -> expr . NOT_EQUAL expr
    (46) expr -> expr . XOR expr

    COLON           shift and go to state 88
    UPDATE          shift and go to state 18
    PLUS_EQUAL      shift and go to state 19
    LBRACE          shift and go to state 20
    QUEST           shift and go to state 21
    BITWISE_AND     shift and go to state 22
    BITWISE_OR      shift and go to state 23
    OP              shift and go to state 24
    PLUS            shift and go to state 25
    MINUS           shift and go to state 26
    TIMES           shift and go to state 27
    DIV             shift and go to state 28
    MOD             shift and go to state 29
    AND             shift and go to state 30
    OR              shift and go to state 31
    LSHIFT          shift and go to state 32
    RSHIFT          shift and go to state 33
    LSHIFT_LOGICAL  shift and go to state 34
    RSHIFT_LOGICAL  shift and go to state 35
    GREATER         shift and go to state 36
    LESS            shift and go to state 37
    LESS_EQUAL      shift and go to state 38
    GREATER_EQUAL   shift and go to state 39
    EQUAL           shift and go to state 40
    NOT_EQUAL       shift and go to state 41
    XOR             shift and go to state 42


state 57

    (26) expr -> expr BITWISE_AND expr .
    (6) expr -> expr . UPDATE expr
    (7) expr -> expr . PLUS_EQUAL expr
    (20) expr -> expr . LBRACE expr RBRACE
    (21) expr -> expr . LBRACE expr COLON expr RBRACE
    (22) expr -> expr . QUEST expr COLON expr
    (26) expr -> expr . BITWISE_AND expr
    (27) expr -> expr . BITWISE_OR expr
    (28) expr -> expr . OP expr
    (29) expr -> expr . PLUS expr
    (30) expr -> expr . MINUS expr
    (31) expr -> expr . TIMES expr
    (32) expr -> expr . DIV expr
    (33) expr -> expr . MOD expr
    (34) expr -> expr . AND expr
    (35) expr -> expr . OR expr
    (36) expr -> expr . LSHIFT expr
    (37) expr -> expr . RSHIFT expr
    (38) expr -> expr . LSHIFT_LOGICAL expr
    (39) expr -> expr . RSHIFT_LOGICAL expr
    (40) expr -> expr . GREATER expr
    (41) expr -> expr . LESS expr
    (42) expr -> expr . LESS_EQUAL expr
    (43) expr -> expr . GREATER_EQUAL expr
    (44) expr -> expr . EQUAL expr
    (45) expr -> expr . NOT_EQUAL expr
    (46) expr -> expr . XOR expr

    UPDATE          reduce using rule 26 (expr -> expr BITWISE_AND expr .)
    PLUS_EQUAL      reduce using rule 26 (expr -> expr BITWISE_AND expr .)
    QUEST           reduce using rule 26 (expr -> expr BITWISE_AND expr .)
    BITWISE_AND     reduce using rule 26 (expr -> expr BITWISE_AND expr .)
    BITWISE_OR      reduce using rule 26 (expr -> expr BITWISE_AND expr .)
    OP              reduce using rule 26 (expr -> expr BITWISE_AND expr .)
    DEFINE          reduce using rule 26 (expr -> expr BITWISE_AND expr .)
    BREAK           reduce using rule 26 (expr -> expr BITWISE_AND expr .)
    FOR             reduce using rule 26 (expr -> expr BITWISE_AND expr .)
    IF              reduce using rule 26 (expr -> expr BITWISE_AND expr .)
    ID              reduce using rule 26 (expr -> expr BITWISE_AND expr .)
    NOT             reduce using rule 26 (expr -> expr BITWISE_AND expr .)
    BITWISE_NOT     reduce using rule 26 (expr -> expr BITWISE_AND expr .)
    LPAREN          reduce using rule 26 (expr -> expr BITWISE_AND expr .)
    NUMBER          reduce using rule 26 (expr -> expr BITWISE_AND expr .)
    $end            reduce using rule 26 (expr -> expr BITWISE_AND expr .)
    RPAREN          reduce using rule 26 (expr -> expr BITWISE_AND expr .)
    THEN            reduce using rule 26 (expr -> expr BITWISE_AND expr .)
    FI              reduce using rule 26 (expr -> expr BITWISE_AND expr .)
    COMMA           reduce using rule 26 (expr -> expr BITWISE_AND expr .)
    RBRACE          reduce using rule 26 (expr -> expr BITWISE_AND expr .)
    COLON           reduce using rule 26 (expr -> expr BITWISE_AND expr .)
    ELSE            reduce using rule 26 (expr -> expr BITWISE_AND expr .)
    ELSEIF          reduce using rule 26 (expr -> expr BITWISE_AND expr .)
    ENDFOR          reduce using rule 26 (expr -> expr BITWISE_AND expr .)
    LBRACE          shift and go to state 20
    PLUS            shift and go to state 25
    MINUS           shift and go to state 26
    TIMES           shift and go to state 27
    DIV             shift and go to state 28
    MOD             shift and go to state 29
    AND             shift and go to state 30
    OR              shift and go to state 31
    LSHIFT          shift and go to state 32
    RSHIFT          shift and go to state 33
    LSHIFT_LOGICAL  shift and go to state 34
    RSHIFT_LOGICAL  shift and go to state 35
    GREATER         shift and go to state 36
    LESS            shift and go to state 37
    LESS_EQUAL      shift and go to state 38
    GREATER_EQUAL   shift and go to state 39
    EQUAL           shift and go to state 40
    NOT_EQUAL       shift and go to state 41
    XOR             shift and go to state 42

  ! LBRACE          [ reduce using rule 26 (expr -> expr BITWISE_AND expr .) ]
  ! PLUS            [ reduce using rule 26 (expr -> expr BITWISE_AND expr .) ]
  ! MINUS           [ reduce using rule 26 (expr -> expr BITWISE_AND expr .) ]
  ! TIMES           [ reduce using rule 26 (expr -> expr BITWISE_AND expr .) ]
  ! DIV             [ reduce using rule 26 (expr -> expr BITWISE_AND expr .) ]
  ! MOD             [ reduce using rule 26 (expr -> expr BITWISE_AND expr .) ]
  ! AND             [ reduce using rule 26 (expr -> expr BITWISE_AND expr .) ]
  ! OR              [ reduce using rule 26 (expr -> expr BITWISE_AND expr .) ]
  ! LSHIFT          [ reduce using rule 26 (expr -> expr BITWISE_AND expr .) ]
  ! RSHIFT          [ reduce using rule 26 (expr -> expr BITWISE_AND expr .) ]
  ! LSHIFT_LOGICAL  [ reduce using rule 26 (expr -> expr BITWISE_AND expr .) ]
  ! RSHIFT_LOGICAL  [ reduce using rule 26 (expr -> expr BITWISE_AND expr .) ]
  ! GREATER         [ reduce using rule 26 (expr -> expr BITWISE_AND expr .) ]
  ! LESS            [ reduce using rule 26 (expr -> expr BITWISE_AND expr .) ]
  ! LESS_EQUAL      [ reduce using rule 26 (expr -> expr BITWISE_AND expr .) ]
  ! GREATER_EQUAL   [ reduce using rule 26 (expr -> expr BITWISE_AND expr .) ]
  ! EQUAL           [ reduce using rule 26 (expr -> expr BITWISE_AND expr .) ]
  ! NOT_EQUAL       [ reduce using rule 26 (expr -> expr BITWISE_AND expr .) ]
  ! XOR             [ reduce using rule 26 (expr -> expr BITWISE_AND expr .) ]
  ! UPDATE          [ shift and go to state 18 ]
  ! PLUS_EQUAL      [ shift and go to state 19 ]
  ! QUEST           [ shift and go to state 21 ]
  ! BITWISE_AND     [ shift and go to state 22 ]
  ! BITWISE_OR      [ shift and go to state 23 ]
  ! OP              [ shift and go to state 24 ]


state 58

    (27) expr -> expr BITWISE_OR expr .
    (6) expr -> expr . UPDATE expr
    (7) expr -> expr . PLUS_EQUAL expr
    (20) expr -> expr . LBRACE expr RBRACE
    (21) expr -> expr . LBRACE expr COLON expr RBRACE
    (22) expr -> expr . QUEST expr COLON expr
    (26) expr -> expr . BITWISE_AND expr
    (27) expr -> expr . BITWISE_OR expr
    (28) expr -> expr . OP expr
    (29) expr -> expr . PLUS expr
    (30) expr -> expr . MINUS expr
    (31) expr -> expr . TIMES expr
    (32) expr -> expr . DIV expr
    (33) expr -> expr . MOD expr
    (34) expr -> expr . AND expr
    (35) expr -> expr . OR expr
    (36) expr -> expr . LSHIFT expr
    (37) expr -> expr . RSHIFT expr
    (38) expr -> expr . LSHIFT_LOGICAL expr
    (39) expr -> expr . RSHIFT_LOGICAL expr
    (40) expr -> expr . GREATER expr
    (41) expr -> expr . LESS expr
    (42) expr -> expr . LESS_EQUAL expr
    (43) expr -> expr . GREATER_EQUAL expr
    (44) expr -> expr . EQUAL expr
    (45) expr -> expr . NOT_EQUAL expr
    (46) expr -> expr . XOR expr

    UPDATE          reduce using rule 27 (expr -> expr BITWISE_OR expr .)
    PLUS_EQUAL      reduce using rule 27 (expr -> expr BITWISE_OR expr .)
    QUEST           reduce using rule 27 (expr -> expr BITWISE_OR expr .)
    BITWISE_OR      reduce using rule 27 (expr -> expr BITWISE_OR expr .)
    OP              reduce using rule 27 (expr -> expr BITWISE_OR expr .)
    DEFINE          reduce using rule 27 (expr -> expr BITWISE_OR expr .)
    BREAK           reduce using rule 27 (expr -> expr BITWISE_OR expr .)
    FOR             reduce using rule 27 (expr -> expr BITWISE_OR expr .)
    IF              reduce using rule 27 (expr -> expr BITWISE_OR expr .)
    ID              reduce using rule 27 (expr -> expr BITWISE_OR expr .)
    NOT             reduce using rule 27 (expr -> expr BITWISE_OR expr .)
    BITWISE_NOT     reduce using rule 27 (expr -> expr BITWISE_OR expr .)
    LPAREN          reduce using rule 27 (expr -> expr BITWISE_OR expr .)
    NUMBER          reduce using rule 27 (expr -> expr BITWISE_OR expr .)
    $end            reduce using rule 27 (expr -> expr BITWISE_OR expr .)
    RPAREN          reduce using rule 27 (expr -> expr BITWISE_OR expr .)
    THEN            reduce using rule 27 (expr -> expr BITWISE_OR expr .)
    FI              reduce using rule 27 (expr -> expr BITWISE_OR expr .)
    COMMA           reduce using rule 27 (expr -> expr BITWISE_OR expr .)
    RBRACE          reduce using rule 27 (expr -> expr BITWISE_OR expr .)
    COLON           reduce using rule 27 (expr -> expr BITWISE_OR expr .)
    ELSE            reduce using rule 27 (expr -> expr BITWISE_OR expr .)
    ELSEIF          reduce using rule 27 (expr -> expr BITWISE_OR expr .)
    ENDFOR          reduce using rule 27 (expr -> expr BITWISE_OR expr .)
    LBRACE          shift and go to state 20
    BITWISE_AND     shift and go to state 22
    PLUS            shift and go to state 25
    MINUS           shift and go to state 26
    TIMES           shift and go to state 27
    DIV             shift and go to state 28
    MOD             shift and go to state 29
    AND             shift and go to state 30
    OR              shift and go to state 31
    LSHIFT          shift and go to state 32
    RSHIFT          shift and go to state 33
    LSHIFT_LOGICAL  shift and go to state 34
    RSHIFT_LOGICAL  shift and go to state 35
    GREATER         shift and go to state 36
    LESS            shift and go to state 37
    LESS_EQUAL      shift and go to state 38
    GREATER_EQUAL   shift and go to state 39
    EQUAL           shift and go to state 40
    NOT_EQUAL       shift and go to state 41
    XOR             shift and go to state 42

  ! LBRACE          [ reduce using rule 27 (expr -> expr BITWISE_OR expr .) ]
  ! BITWISE_AND     [ reduce using rule 27 (expr -> expr BITWISE_OR expr .) ]
  ! PLUS            [ reduce using rule 27 (expr -> expr BITWISE_OR expr .) ]
  ! MINUS           [ reduce using rule 27 (expr -> expr BITWISE_OR expr .) ]
  ! TIMES           [ reduce using rule 27 (expr -> expr BITWISE_OR expr .) ]
  ! DIV             [ reduce using rule 27 (expr -> expr BITWISE_OR expr .) ]
  ! MOD             [ reduce using rule 27 (expr -> expr BITWISE_OR expr .) ]
  ! AND             [ reduce using rule 27 (expr -> expr BITWISE_OR expr .) ]
  ! OR              [ reduce using rule 27 (expr -> expr BITWISE_OR expr .) ]
  ! LSHIFT          [ reduce using rule 27 (expr -> expr BITWISE_OR expr .) ]
  ! RSHIFT          [ reduce using rule 27 (expr -> expr BITWISE_OR expr .) ]
  ! LSHIFT_LOGICAL  [ reduce using rule 27 (expr -> expr BITWISE_OR expr .) ]
  ! RSHIFT_LOGICAL  [ reduce using rule 27 (expr -> expr BITWISE_OR expr .) ]
  ! GREATER         [ reduce using rule 27 (expr -> expr BITWISE_OR expr .) ]
  ! LESS            [ reduce using rule 27 (expr -> expr BITWISE_OR expr .) ]
  ! LESS_EQUAL      [ reduce using rule 27 (expr -> expr BITWISE_OR expr .) ]
  ! GREATER_EQUAL   [ reduce using rule 27 (expr -> expr BITWISE_OR expr .) ]
  ! EQUAL           [ reduce using rule 27 (expr -> expr BITWISE_OR expr .) ]
  ! NOT_EQUAL       [ reduce using rule 27 (expr -> expr BITWISE_OR expr .) ]
  ! XOR             [ reduce using rule 27 (expr -> expr BITWISE_OR expr .) ]
  ! UPDATE          [ shift and go to state 18 ]
  ! PLUS_EQUAL      [ shift and go to state 19 ]
  ! QUEST           [ shift and go to state 21 ]
  ! BITWISE_OR      [ shift and go to state 23 ]
  ! OP              [ shift and go to state 24 ]


state 59

    (28) expr -> expr OP expr .
    (6) expr -> expr . UPDATE expr
    (7) expr -> expr . PLUS_EQUAL expr
    (20) expr -> expr . LBRACE expr RBRACE
    (21) expr -> expr . LBRACE expr COLON expr RBRACE
    (22) expr -> expr . QUEST expr COLON expr
    (26) expr -> expr . BITWISE_AND expr
    (27) expr -> expr . BITWISE_OR expr
    (28) expr -> expr . OP expr
    (29) expr -> expr . PLUS expr
    (30) expr -> expr . MINUS expr
    (31) expr -> expr . TIMES expr
    (32) expr -> expr . DIV expr
    (33) expr -> expr . MOD expr
    (34) expr -> expr . AND expr
    (35) expr -> expr . OR expr
    (36) expr -> expr . LSHIFT expr
    (37) expr -> expr . RSHIFT expr
    (38) expr -> expr . LSHIFT_LOGICAL expr
    (39) expr -> expr . RSHIFT_LOGICAL expr
    (40) expr -> expr . GREATER expr
    (41) expr -> expr . LESS expr
    (42) expr -> expr . LESS_EQUAL expr
    (43) expr -> expr . GREATER_EQUAL expr
    (44) expr -> expr . EQUAL expr
    (45) expr -> expr . NOT_EQUAL expr
    (46) expr -> expr . XOR expr

  ! shift/reduce conflict for UPDATE resolved as shift
  ! shift/reduce conflict for PLUS_EQUAL resolved as shift
  ! shift/reduce conflict for LBRACE resolved as shift
  ! shift/reduce conflict for QUEST resolved as shift
  ! shift/reduce conflict for BITWISE_AND resolved as shift
  ! shift/reduce conflict for BITWISE_OR resolved as shift
  ! shift/reduce conflict for OP resolved as shift
  ! shift/reduce conflict for PLUS resolved as shift
  ! shift/reduce conflict for MINUS resolved as shift
  ! shift/reduce conflict for TIMES resolved as shift
  ! shift/reduce conflict for DIV resolved as shift
  ! shift/reduce conflict for MOD resolved as shift
  ! shift/reduce conflict for AND resolved as shift
  ! shift/reduce conflict for OR resolved as shift
  ! shift/reduce conflict for LSHIFT resolved as shift
  ! shift/reduce conflict for RSHIFT resolved as shift
  ! shift/reduce conflict for LSHIFT_LOGICAL resolved as shift
  ! shift/reduce conflict for RSHIFT_LOGICAL resolved as shift
  ! shift/reduce conflict for GREATER resolved as shift
  ! shift/reduce conflict for LESS resolved as shift
  ! shift/reduce conflict for LESS_EQUAL resolved as shift
  ! shift/reduce conflict for GREATER_EQUAL resolved as shift
  ! shift/reduce conflict for EQUAL resolved as shift
  ! shift/reduce conflict for NOT_EQUAL resolved as shift
  ! shift/reduce conflict for XOR resolved as shift
    DEFINE          reduce using rule 28 (expr -> expr OP expr .)
    BREAK           reduce using rule 28 (expr -> expr OP expr .)
    FOR             reduce using rule 28 (expr -> expr OP expr .)
    IF              reduce using rule 28 (expr -> expr OP expr .)
    ID              reduce using rule 28 (expr -> expr OP expr .)
    NOT             reduce using rule 28 (expr -> expr OP expr .)
    BITWISE_NOT     reduce using rule 28 (expr -> expr OP expr .)
    LPAREN          reduce using rule 28 (expr -> expr OP expr .)
    NUMBER          reduce using rule 28 (expr -> expr OP expr .)
    $end            reduce using rule 28 (expr -> expr OP expr .)
    RPAREN          reduce using rule 28 (expr -> expr OP expr .)
    THEN            reduce using rule 28 (expr -> expr OP expr .)
    FI              reduce using rule 28 (expr -> expr OP expr .)
    COMMA           reduce using rule 28 (expr -> expr OP expr .)
    RBRACE          reduce using rule 28 (expr -> expr OP expr .)
    COLON           reduce using rule 28 (expr -> expr OP expr .)
    ELSE            reduce using rule 28 (expr -> expr OP expr .)
    ELSEIF          reduce using rule 28 (expr -> expr OP expr .)
    ENDFOR          reduce using rule 28 (expr -> expr OP expr .)
    UPDATE          shift and go to state 18
    PLUS_EQUAL      shift and go to state 19
    LBRACE          shift and go to state 20
    QUEST           shift and go to state 21
    BITWISE_AND     shift and go to state 22
    BITWISE_OR      shift and go to state 23
    OP              shift and go to state 24
    PLUS            shift and go to state 25
    MINUS           shift and go to state 26
    TIMES           shift and go to state 27
    DIV             shift and go to state 28
    MOD             shift and go to state 29
    AND             shift and go to state 30
    OR              shift and go to state 31
    LSHIFT          shift and go to state 32
    RSHIFT          shift and go to state 33
    LSHIFT_LOGICAL  shift and go to state 34
    RSHIFT_LOGICAL  shift and go to state 35
    GREATER         shift and go to state 36
    LESS            shift and go to state 37
    LESS_EQUAL      shift and go to state 38
    GREATER_EQUAL   shift and go to state 39
    EQUAL           shift and go to state 40
    NOT_EQUAL       shift and go to state 41
    XOR             shift and go to state 42

  ! UPDATE          [ reduce using rule 28 (expr -> expr OP expr .) ]
  ! PLUS_EQUAL      [ reduce using rule 28 (expr -> expr OP expr .) ]
  ! LBRACE          [ reduce using rule 28 (expr -> expr OP expr .) ]
  ! QUEST           [ reduce using rule 28 (expr -> expr OP expr .) ]
  ! BITWISE_AND     [ reduce using rule 28 (expr -> expr OP expr .) ]
  ! BITWISE_OR      [ reduce using rule 28 (expr -> expr OP expr .) ]
  ! OP              [ reduce using rule 28 (expr -> expr OP expr .) ]
  ! PLUS            [ reduce using rule 28 (expr -> expr OP expr .) ]
  ! MINUS           [ reduce using rule 28 (expr -> expr OP expr .) ]
  ! TIMES           [ reduce using rule 28 (expr -> expr OP expr .) ]
  ! DIV             [ reduce using rule 28 (expr -> expr OP expr .) ]
  ! MOD             [ reduce using rule 28 (expr -> expr OP expr .) ]
  ! AND             [ reduce using rule 28 (expr -> expr OP expr .) ]
  ! OR              [ reduce using rule 28 (expr -> expr OP expr .) ]
  ! LSHIFT          [ reduce using rule 28 (expr -> expr OP expr .) ]
  ! RSHIFT          [ reduce using rule 28 (expr -> expr OP expr .) ]
  ! LSHIFT_LOGICAL  [ reduce using rule 28 (expr -> expr OP expr .) ]
  ! RSHIFT_LOGICAL  [ reduce using rule 28 (expr -> expr OP expr .) ]
  ! GREATER         [ reduce using rule 28 (expr -> expr OP expr .) ]
  ! LESS            [ reduce using rule 28 (expr -> expr OP expr .) ]
  ! LESS_EQUAL      [ reduce using rule 28 (expr -> expr OP expr .) ]
  ! GREATER_EQUAL   [ reduce using rule 28 (expr -> expr OP expr .) ]
  ! EQUAL           [ reduce using rule 28 (expr -> expr OP expr .) ]
  ! NOT_EQUAL       [ reduce using rule 28 (expr -> expr OP expr .) ]
  ! XOR             [ reduce using rule 28 (expr -> expr OP expr .) ]


state 60

    (29) expr -> expr PLUS expr .
    (6) expr -> expr . UPDATE expr
    (7) expr -> expr . PLUS_EQUAL expr
    (20) expr -> expr . LBRACE expr RBRACE
    (21) expr -> expr . LBRACE expr COLON expr RBRACE
    (22) expr -> expr . QUEST expr COLON expr
    (26) expr -> expr . BITWISE_AND expr
    (27) expr -> expr . BITWISE_OR expr
    (28) expr -> expr . OP expr
    (29) expr -> expr . PLUS expr
    (30) expr -> expr . MINUS expr
    (31) expr -> expr . TIMES expr
    (32) expr -> expr . DIV expr
    (33) expr -> expr . MOD expr
    (34) expr -> expr . AND expr
    (35) expr -> expr . OR expr
    (36) expr -> expr . LSHIFT expr
    (37) expr -> expr . RSHIFT expr
    (38) expr -> expr . LSHIFT_LOGICAL expr
    (39) expr -> expr . RSHIFT_LOGICAL expr
    (40) expr -> expr . GREATER expr
    (41) expr -> expr . LESS expr
    (42) expr -> expr . LESS_EQUAL expr
    (43) expr -> expr . GREATER_EQUAL expr
    (44) expr -> expr . EQUAL expr
    (45) expr -> expr . NOT_EQUAL expr
    (46) expr -> expr . XOR expr

    UPDATE          reduce using rule 29 (expr -> expr PLUS expr .)
    PLUS_EQUAL      reduce using rule 29 (expr -> expr PLUS expr .)
    QUEST           reduce using rule 29 (expr -> expr PLUS expr .)
    BITWISE_AND     reduce using rule 29 (expr -> expr PLUS expr .)
    BITWISE_OR      reduce using rule 29 (expr -> expr PLUS expr .)
    OP              reduce using rule 29 (expr -> expr PLUS expr .)
    PLUS            reduce using rule 29 (expr -> expr PLUS expr .)
    MINUS           reduce using rule 29 (expr -> expr PLUS expr .)
    AND             reduce using rule 29 (expr -> expr PLUS expr .)
    OR              reduce using rule 29 (expr -> expr PLUS expr .)
    LSHIFT          reduce using rule 29 (expr -> expr PLUS expr .)
    RSHIFT          reduce using rule 29 (expr -> expr PLUS expr .)
    LSHIFT_LOGICAL  reduce using rule 29 (expr -> expr PLUS expr .)
    RSHIFT_LOGICAL  reduce using rule 29 (expr -> expr PLUS expr .)
    GREATER         reduce using rule 29 (expr -> expr PLUS expr .)
    LESS            reduce using rule 29 (expr -> expr PLUS expr .)
    LESS_EQUAL      reduce using rule 29 (expr -> expr PLUS expr .)
    GREATER_EQUAL   reduce using rule 29 (expr -> expr PLUS expr .)
    EQUAL           reduce using rule 29 (expr -> expr PLUS expr .)
    NOT_EQUAL       reduce using rule 29 (expr -> expr PLUS expr .)
    XOR             reduce using rule 29 (expr -> expr PLUS expr .)
    DEFINE          reduce using rule 29 (expr -> expr PLUS expr .)
    BREAK           reduce using rule 29 (expr -> expr PLUS expr .)
    FOR             reduce using rule 29 (expr -> expr PLUS expr .)
    IF              reduce using rule 29 (expr -> expr PLUS expr .)
    ID              reduce using rule 29 (expr -> expr PLUS expr .)
    NOT             reduce using rule 29 (expr -> expr PLUS expr .)
    BITWISE_NOT     reduce using rule 29 (expr -> expr PLUS expr .)
    LPAREN          reduce using rule 29 (expr -> expr PLUS expr .)
    NUMBER          reduce using rule 29 (expr -> expr PLUS expr .)
    $end            reduce using rule 29 (expr -> expr PLUS expr .)
    RPAREN          reduce using rule 29 (expr -> expr PLUS expr .)
    THEN            reduce using rule 29 (expr -> expr PLUS expr .)
    FI              reduce using rule 29 (expr -> expr PLUS expr .)
    COMMA           reduce using rule 29 (expr -> expr PLUS expr .)
    RBRACE          reduce using rule 29 (expr -> expr PLUS expr .)
    COLON           reduce using rule 29 (expr -> expr PLUS expr .)
    ELSE            reduce using rule 29 (expr -> expr PLUS expr .)
    ELSEIF          reduce using rule 29 (expr -> expr PLUS expr .)
    ENDFOR          reduce using rule 29 (expr -> expr PLUS expr .)
    LBRACE          shift and go to state 20
    TIMES           shift and go to state 27
    DIV             shift and go to state 28
    MOD             shift and go to state 29

  ! LBRACE          [ reduce using rule 29 (expr -> expr PLUS expr .) ]
  ! TIMES           [ reduce using rule 29 (expr -> expr PLUS expr .) ]
  ! DIV             [ reduce using rule 29 (expr -> expr PLUS expr .) ]
  ! MOD             [ reduce using rule 29 (expr -> expr PLUS expr .) ]
  ! UPDATE          [ shift and go to state 18 ]
  ! PLUS_EQUAL      [ shift and go to state 19 ]
  ! QUEST           [ shift and go to state 21 ]
  ! BITWISE_AND     [ shift and go to state 22 ]
  ! BITWISE_OR      [ shift and go to state 23 ]
  ! OP              [ shift and go to state 24 ]
  ! PLUS            [ shift and go to state 25 ]
  ! MINUS           [ shift and go to state 26 ]
  ! AND             [ shift and go to state 30 ]
  ! OR              [ shift and go to state 31 ]
  ! LSHIFT          [ shift and go to state 32 ]
  ! RSHIFT          [ shift and go to state 33 ]
  ! LSHIFT_LOGICAL  [ shift and go to state 34 ]
  ! RSHIFT_LOGICAL  [ shift and go to state 35 ]
  ! GREATER         [ shift and go to state 36 ]
  ! LESS            [ shift and go to state 37 ]
  ! LESS_EQUAL      [ shift and go to state 38 ]
  ! GREATER_EQUAL   [ shift and go to state 39 ]
  ! EQUAL           [ shift and go to state 40 ]
  ! NOT_EQUAL       [ shift and go to state 41 ]
  ! XOR             [ shift and go to state 42 ]


state 61

    (30) expr -> expr MINUS expr .
    (6) expr -> expr . UPDATE expr
    (7) expr -> expr . PLUS_EQUAL expr
    (20) expr -> expr . LBRACE expr RBRACE
    (21) expr -> expr . LBRACE expr COLON expr RBRACE
    (22) expr -> expr . QUEST expr COLON expr
    (26) expr -> expr . BITWISE_AND expr
    (27) expr -> expr . BITWISE_OR expr
    (28) expr -> expr . OP expr
    (29) expr -> expr . PLUS expr
    (30) expr -> expr . MINUS expr
    (31) expr -> expr . TIMES expr
    (32) expr -> expr . DIV expr
    (33) expr -> expr . MOD expr
    (34) expr -> expr . AND expr
    (35) expr -> expr . OR expr
    (36) expr -> expr . LSHIFT expr
    (37) expr -> expr . RSHIFT expr
    (38) expr -> expr . LSHIFT_LOGICAL expr
    (39) expr -> expr . RSHIFT_LOGICAL expr
    (40) expr -> expr . GREATER expr
    (41) expr -> expr . LESS expr
    (42) expr -> expr . LESS_EQUAL expr
    (43) expr -> expr . GREATER_EQUAL expr
    (44) expr -> expr . EQUAL expr
    (45) expr -> expr . NOT_EQUAL expr
    (46) expr -> expr . XOR expr

    UPDATE          reduce using rule 30 (expr -> expr MINUS expr .)
    PLUS_EQUAL      reduce using rule 30 (expr -> expr MINUS expr .)
    QUEST           reduce using rule 30 (expr -> expr MINUS expr .)
    BITWISE_AND     reduce using rule 30 (expr -> expr MINUS expr .)
    BITWISE_OR      reduce using rule 30 (expr -> expr MINUS expr .)
    OP              reduce using rule 30 (expr -> expr MINUS expr .)
    PLUS            reduce using rule 30 (expr -> expr MINUS expr .)
    MINUS           reduce using rule 30 (expr -> expr MINUS expr .)
    AND             reduce using rule 30 (expr -> expr MINUS expr .)
    OR              reduce using rule 30 (expr -> expr MINUS expr .)
    LSHIFT          reduce using rule 30 (expr -> expr MINUS expr .)
    RSHIFT          reduce using rule 30 (expr -> expr MINUS expr .)
    LSHIFT_LOGICAL  reduce using rule 30 (expr -> expr MINUS expr .)
    RSHIFT_LOGICAL  reduce using rule 30 (expr -> expr MINUS expr .)
    GREATER         reduce using rule 30 (expr -> expr MINUS expr .)
    LESS            reduce using rule 30 (expr -> expr MINUS expr .)
    LESS_EQUAL      reduce using rule 30 (expr -> expr MINUS expr .)
    GREATER_EQUAL   reduce using rule 30 (expr -> expr MINUS expr .)
    EQUAL           reduce using rule 30 (expr -> expr MINUS expr .)
    NOT_EQUAL       reduce using rule 30 (expr -> expr MINUS expr .)
    XOR             reduce using rule 30 (expr -> expr MINUS expr .)
    DEFINE          reduce using rule 30 (expr -> expr MINUS expr .)
    BREAK           reduce using rule 30 (expr -> expr MINUS expr .)
    FOR             reduce using rule 30 (expr -> expr MINUS expr .)
    IF              reduce using rule 30 (expr -> expr MINUS expr .)
    ID              reduce using rule 30 (expr -> expr MINUS expr .)
    NOT             reduce using rule 30 (expr -> expr MINUS expr .)
    BITWISE_NOT     reduce using rule 30 (expr -> expr MINUS expr .)
    LPAREN          reduce using rule 30 (expr -> expr MINUS expr .)
    NUMBER          reduce using rule 30 (expr -> expr MINUS expr .)
    $end            reduce using rule 30 (expr -> expr MINUS expr .)
    RPAREN          reduce using rule 30 (expr -> expr MINUS expr .)
    THEN            reduce using rule 30 (expr -> expr MINUS expr .)
    FI              reduce using rule 30 (expr -> expr MINUS expr .)
    COMMA           reduce using rule 30 (expr -> expr MINUS expr .)
    RBRACE          reduce using rule 30 (expr -> expr MINUS expr .)
    COLON           reduce using rule 30 (expr -> expr MINUS expr .)
    ELSE            reduce using rule 30 (expr -> expr MINUS expr .)
    ELSEIF          reduce using rule 30 (expr -> expr MINUS expr .)
    ENDFOR          reduce using rule 30 (expr -> expr MINUS expr .)
    LBRACE          shift and go to state 20
    TIMES           shift and go to state 27
    DIV             shift and go to state 28
    MOD             shift and go to state 29

  ! LBRACE          [ reduce using rule 30 (expr -> expr MINUS expr .) ]
  ! TIMES           [ reduce using rule 30 (expr -> expr MINUS expr .) ]
  ! DIV             [ reduce using rule 30 (expr -> expr MINUS expr .) ]
  ! MOD             [ reduce using rule 30 (expr -> expr MINUS expr .) ]
  ! UPDATE          [ shift and go to state 18 ]
  ! PLUS_EQUAL      [ shift and go to state 19 ]
  ! QUEST           [ shift and go to state 21 ]
  ! BITWISE_AND     [ shift and go to state 22 ]
  ! BITWISE_OR      [ shift and go to state 23 ]
  ! OP              [ shift and go to state 24 ]
  ! PLUS            [ shift and go to state 25 ]
  ! MINUS           [ shift and go to state 26 ]
  ! AND             [ shift and go to state 30 ]
  ! OR              [ shift and go to state 31 ]
  ! LSHIFT          [ shift and go to state 32 ]
  ! RSHIFT          [ shift and go to state 33 ]
  ! LSHIFT_LOGICAL  [ shift and go to state 34 ]
  ! RSHIFT_LOGICAL  [ shift and go to state 35 ]
  ! GREATER         [ shift and go to state 36 ]
  ! LESS            [ shift and go to state 37 ]
  ! LESS_EQUAL      [ shift and go to state 38 ]
  ! GREATER_EQUAL   [ shift and go to state 39 ]
  ! EQUAL           [ shift and go to state 40 ]
  ! NOT_EQUAL       [ shift and go to state 41 ]
  ! XOR             [ shift and go to state 42 ]


state 62

    (31) expr -> expr TIMES expr .
    (6) expr -> expr . UPDATE expr
    (7) expr -> expr . PLUS_EQUAL expr
    (20) expr -> expr . LBRACE expr RBRACE
    (21) expr -> expr . LBRACE expr COLON expr RBRACE
    (22) expr -> expr . QUEST expr COLON expr
    (26) expr -> expr . BITWISE_AND expr
    (27) expr -> expr . BITWISE_OR expr
    (28) expr -> expr . OP expr
    (29) expr -> expr . PLUS expr
    (30) expr -> expr . MINUS expr
    (31) expr -> expr . TIMES expr
    (32) expr -> expr . DIV expr
    (33) expr -> expr . MOD expr
    (34) expr -> expr . AND expr
    (35) expr -> expr . OR expr
    (36) expr -> expr . LSHIFT expr
    (37) expr -> expr . RSHIFT expr
    (38) expr -> expr . LSHIFT_LOGICAL expr
    (39) expr -> expr . RSHIFT_LOGICAL expr
    (40) expr -> expr . GREATER expr
    (41) expr -> expr . LESS expr
    (42) expr -> expr . LESS_EQUAL expr
    (43) expr -> expr . GREATER_EQUAL expr
    (44) expr -> expr . EQUAL expr
    (45) expr -> expr . NOT_EQUAL expr
    (46) expr -> expr . XOR expr

    UPDATE          reduce using rule 31 (expr -> expr TIMES expr .)
    PLUS_EQUAL      reduce using rule 31 (expr -> expr TIMES expr .)
    QUEST           reduce using rule 31 (expr -> expr TIMES expr .)
    BITWISE_AND     reduce using rule 31 (expr -> expr TIMES expr .)
    BITWISE_OR      reduce using rule 31 (expr -> expr TIMES expr .)
    OP              reduce using rule 31 (expr -> expr TIMES expr .)
    PLUS            reduce using rule 31 (expr -> expr TIMES expr .)
    MINUS           reduce using rule 31 (expr -> expr TIMES expr .)
    TIMES           reduce using rule 31 (expr -> expr TIMES expr .)
    DIV             reduce using rule 31 (expr -> expr TIMES expr .)
    MOD             reduce using rule 31 (expr -> expr TIMES expr .)
    AND             reduce using rule 31 (expr -> expr TIMES expr .)
    OR              reduce using rule 31 (expr -> expr TIMES expr .)
    LSHIFT          reduce using rule 31 (expr -> expr TIMES expr .)
    RSHIFT          reduce using rule 31 (expr -> expr TIMES expr .)
    LSHIFT_LOGICAL  reduce using rule 31 (expr -> expr TIMES expr .)
    RSHIFT_LOGICAL  reduce using rule 31 (expr -> expr TIMES expr .)
    GREATER         reduce using rule 31 (expr -> expr TIMES expr .)
    LESS            reduce using rule 31 (expr -> expr TIMES expr .)
    LESS_EQUAL      reduce using rule 31 (expr -> expr TIMES expr .)
    GREATER_EQUAL   reduce using rule 31 (expr -> expr TIMES expr .)
    EQUAL           reduce using rule 31 (expr -> expr TIMES expr .)
    NOT_EQUAL       reduce using rule 31 (expr -> expr TIMES expr .)
    XOR             reduce using rule 31 (expr -> expr TIMES expr .)
    DEFINE          reduce using rule 31 (expr -> expr TIMES expr .)
    BREAK           reduce using rule 31 (expr -> expr TIMES expr .)
    FOR             reduce using rule 31 (expr -> expr TIMES expr .)
    IF              reduce using rule 31 (expr -> expr TIMES expr .)
    ID              reduce using rule 31 (expr -> expr TIMES expr .)
    NOT             reduce using rule 31 (expr -> expr TIMES expr .)
    BITWISE_NOT     reduce using rule 31 (expr -> expr TIMES expr .)
    LPAREN          reduce using rule 31 (expr -> expr TIMES expr .)
    NUMBER          reduce using rule 31 (expr -> expr TIMES expr .)
    $end            reduce using rule 31 (expr -> expr TIMES expr .)
    RPAREN          reduce using rule 31 (expr -> expr TIMES expr .)
    THEN            reduce using rule 31 (expr -> expr TIMES expr .)
    FI              reduce using rule 31 (expr -> expr TIMES expr .)
    COMMA           reduce using rule 31 (expr -> expr TIMES expr .)
    RBRACE          reduce using rule 31 (expr -> expr TIMES expr .)
    COLON           reduce using rule 31 (expr -> expr TIMES expr .)
    ELSE            reduce using rule 31 (expr -> expr TIMES expr .)
    ELSEIF          reduce using rule 31 (expr -> expr TIMES expr .)
    ENDFOR          reduce using rule 31 (expr -> expr TIMES expr .)
    LBRACE          shift and go to state 20

  ! LBRACE          [ reduce using rule 31 (expr -> expr TIMES expr .) ]
  ! UPDATE          [ shift and go to state 18 ]
  ! PLUS_EQUAL      [ shift and go to state 19 ]
  ! QUEST           [ shift and go to state 21 ]
  ! BITWISE_AND     [ shift and go to state 22 ]
  ! BITWISE_OR      [ shift and go to state 23 ]
  ! OP              [ shift and go to state 24 ]
  ! PLUS            [ shift and go to state 25 ]
  ! MINUS           [ shift and go to state 26 ]
  ! TIMES           [ shift and go to state 27 ]
  ! DIV             [ shift and go to state 28 ]
  ! MOD             [ shift and go to state 29 ]
  ! AND             [ shift and go to state 30 ]
  ! OR              [ shift and go to state 31 ]
  ! LSHIFT          [ shift and go to state 32 ]
  ! RSHIFT          [ shift and go to state 33 ]
  ! LSHIFT_LOGICAL  [ shift and go to state 34 ]
  ! RSHIFT_LOGICAL  [ shift and go to state 35 ]
  ! GREATER         [ shift and go to state 36 ]
  ! LESS            [ shift and go to state 37 ]
  ! LESS_EQUAL      [ shift and go to state 38 ]
  ! GREATER_EQUAL   [ shift and go to state 39 ]
  ! EQUAL           [ shift and go to state 40 ]
  ! NOT_EQUAL       [ shift and go to state 41 ]
  ! XOR             [ shift and go to state 42 ]


state 63

    (32) expr -> expr DIV expr .
    (6) expr -> expr . UPDATE expr
    (7) expr -> expr . PLUS_EQUAL expr
    (20) expr -> expr . LBRACE expr RBRACE
    (21) expr -> expr . LBRACE expr COLON expr RBRACE
    (22) expr -> expr . QUEST expr COLON expr
    (26) expr -> expr . BITWISE_AND expr
    (27) expr -> expr . BITWISE_OR expr
    (28) expr -> expr . OP expr
    (29) expr -> expr . PLUS expr
    (30) expr -> expr . MINUS expr
    (31) expr -> expr . TIMES expr
    (32) expr -> expr . DIV expr
    (33) expr -> expr . MOD expr
    (34) expr -> expr . AND expr
    (35) expr -> expr . OR expr
    (36) expr -> expr . LSHIFT expr
    (37) expr -> expr . RSHIFT expr
    (38) expr -> expr . LSHIFT_LOGICAL expr
    (39) expr -> expr . RSHIFT_LOGICAL expr
    (40) expr -> expr . GREATER expr
    (41) expr -> expr . LESS expr
    (42) expr -> expr . LESS_EQUAL expr
    (43) expr -> expr . GREATER_EQUAL expr
    (44) expr -> expr . EQUAL expr
    (45) expr -> expr . NOT_EQUAL expr
    (46) expr -> expr . XOR expr

    UPDATE          reduce using rule 32 (expr -> expr DIV expr .)
    PLUS_EQUAL      reduce using rule 32 (expr -> expr DIV expr .)
    QUEST           reduce using rule 32 (expr -> expr DIV expr .)
    BITWISE_AND     reduce using rule 32 (expr -> expr DIV expr .)
    BITWISE_OR      reduce using rule 32 (expr -> expr DIV expr .)
    OP              reduce using rule 32 (expr -> expr DIV expr .)
    PLUS            reduce using rule 32 (expr -> expr DIV expr .)
    MINUS           reduce using rule 32 (expr -> expr DIV expr .)
    TIMES           reduce using rule 32 (expr -> expr DIV expr .)
    DIV             reduce using rule 32 (expr -> expr DIV expr .)
    MOD             reduce using rule 32 (expr -> expr DIV expr .)
    AND             reduce using rule 32 (expr -> expr DIV expr .)
    OR              reduce using rule 32 (expr -> expr DIV expr .)
    LSHIFT          reduce using rule 32 (expr -> expr DIV expr .)
    RSHIFT          reduce using rule 32 (expr -> expr DIV expr .)
    LSHIFT_LOGICAL  reduce using rule 32 (expr -> expr DIV expr .)
    RSHIFT_LOGICAL  reduce using rule 32 (expr -> expr DIV expr .)
    GREATER         reduce using rule 32 (expr -> expr DIV expr .)
    LESS            reduce using rule 32 (expr -> expr DIV expr .)
    LESS_EQUAL      reduce using rule 32 (expr -> expr DIV expr .)
    GREATER_EQUAL   reduce using rule 32 (expr -> expr DIV expr .)
    EQUAL           reduce using rule 32 (expr -> expr DIV expr .)
    NOT_EQUAL       reduce using rule 32 (expr -> expr DIV expr .)
    XOR             reduce using rule 32 (expr -> expr DIV expr .)
    DEFINE          reduce using rule 32 (expr -> expr DIV expr .)
    BREAK           reduce using rule 32 (expr -> expr DIV expr .)
    FOR             reduce using rule 32 (expr -> expr DIV expr .)
    IF              reduce using rule 32 (expr -> expr DIV expr .)
    ID              reduce using rule 32 (expr -> expr DIV expr .)
    NOT             reduce using rule 32 (expr -> expr DIV expr .)
    BITWISE_NOT     reduce using rule 32 (expr -> expr DIV expr .)
    LPAREN          reduce using rule 32 (expr -> expr DIV expr .)
    NUMBER          reduce using rule 32 (expr -> expr DIV expr .)
    $end            reduce using rule 32 (expr -> expr DIV expr .)
    RPAREN          reduce using rule 32 (expr -> expr DIV expr .)
    THEN            reduce using rule 32 (expr -> expr DIV expr .)
    FI              reduce using rule 32 (expr -> expr DIV expr .)
    COMMA           reduce using rule 32 (expr -> expr DIV expr .)
    RBRACE          reduce using rule 32 (expr -> expr DIV expr .)
    COLON           reduce using rule 32 (expr -> expr DIV expr .)
    ELSE            reduce using rule 32 (expr -> expr DIV expr .)
    ELSEIF          reduce using rule 32 (expr -> expr DIV expr .)
    ENDFOR          reduce using rule 32 (expr -> expr DIV expr .)
    LBRACE          shift and go to state 20

  ! LBRACE          [ reduce using rule 32 (expr -> expr DIV expr .) ]
  ! UPDATE          [ shift and go to state 18 ]
  ! PLUS_EQUAL      [ shift and go to state 19 ]
  ! QUEST           [ shift and go to state 21 ]
  ! BITWISE_AND     [ shift and go to state 22 ]
  ! BITWISE_OR      [ shift and go to state 23 ]
  ! OP              [ shift and go to state 24 ]
  ! PLUS            [ shift and go to state 25 ]
  ! MINUS           [ shift and go to state 26 ]
  ! TIMES           [ shift and go to state 27 ]
  ! DIV             [ shift and go to state 28 ]
  ! MOD             [ shift and go to state 29 ]
  ! AND             [ shift and go to state 30 ]
  ! OR              [ shift and go to state 31 ]
  ! LSHIFT          [ shift and go to state 32 ]
  ! RSHIFT          [ shift and go to state 33 ]
  ! LSHIFT_LOGICAL  [ shift and go to state 34 ]
  ! RSHIFT_LOGICAL  [ shift and go to state 35 ]
  ! GREATER         [ shift and go to state 36 ]
  ! LESS            [ shift and go to state 37 ]
  ! LESS_EQUAL      [ shift and go to state 38 ]
  ! GREATER_EQUAL   [ shift and go to state 39 ]
  ! EQUAL           [ shift and go to state 40 ]
  ! NOT_EQUAL       [ shift and go to state 41 ]
  ! XOR             [ shift and go to state 42 ]


state 64

    (33) expr -> expr MOD expr .
    (6) expr -> expr . UPDATE expr
    (7) expr -> expr . PLUS_EQUAL expr
    (20) expr -> expr . LBRACE expr RBRACE
    (21) expr -> expr . LBRACE expr COLON expr RBRACE
    (22) expr -> expr . QUEST expr COLON expr
    (26) expr -> expr . BITWISE_AND expr
    (27) expr -> expr . BITWISE_OR expr
    (28) expr -> expr . OP expr
    (29) expr -> expr . PLUS expr
    (30) expr -> expr . MINUS expr
    (31) expr -> expr . TIMES expr
    (32) expr -> expr . DIV expr
    (33) expr -> expr . MOD expr
    (34) expr -> expr . AND expr
    (35) expr -> expr . OR expr
    (36) expr -> expr . LSHIFT expr
    (37) expr -> expr . RSHIFT expr
    (38) expr -> expr . LSHIFT_LOGICAL expr
    (39) expr -> expr . RSHIFT_LOGICAL expr
    (40) expr -> expr . GREATER expr
    (41) expr -> expr . LESS expr
    (42) expr -> expr . LESS_EQUAL expr
    (43) expr -> expr . GREATER_EQUAL expr
    (44) expr -> expr . EQUAL expr
    (45) expr -> expr . NOT_EQUAL expr
    (46) expr -> expr . XOR expr

    UPDATE          reduce using rule 33 (expr -> expr MOD expr .)
    PLUS_EQUAL      reduce using rule 33 (expr -> expr MOD expr .)
    QUEST           reduce using rule 33 (expr -> expr MOD expr .)
    BITWISE_AND     reduce using rule 33 (expr -> expr MOD expr .)
    BITWISE_OR      reduce using rule 33 (expr -> expr MOD expr .)
    OP              reduce using rule 33 (expr -> expr MOD expr .)
    PLUS            reduce using rule 33 (expr -> expr MOD expr .)
    MINUS           reduce using rule 33 (expr -> expr MOD expr .)
    TIMES           reduce using rule 33 (expr -> expr MOD expr .)
    DIV             reduce using rule 33 (expr -> expr MOD expr .)
    MOD             reduce using rule 33 (expr -> expr MOD expr .)
    AND             reduce using rule 33 (expr -> expr MOD expr .)
    OR              reduce using rule 33 (expr -> expr MOD expr .)
    LSHIFT          reduce using rule 33 (expr -> expr MOD expr .)
    RSHIFT          reduce using rule 33 (expr -> expr MOD expr .)
    LSHIFT_LOGICAL  reduce using rule 33 (expr -> expr MOD expr .)
    RSHIFT_LOGICAL  reduce using rule 33 (expr -> expr MOD expr .)
    GREATER         reduce using rule 33 (expr -> expr MOD expr .)
    LESS            reduce using rule 33 (expr -> expr MOD expr .)
    LESS_EQUAL      reduce using rule 33 (expr -> expr MOD expr .)
    GREATER_EQUAL   reduce using rule 33 (expr -> expr MOD expr .)
    EQUAL           reduce using rule 33 (expr -> expr MOD expr .)
    NOT_EQUAL       reduce using rule 33 (expr -> expr MOD expr .)
    XOR             reduce using rule 33 (expr -> expr MOD expr .)
    DEFINE          reduce using rule 33 (expr -> expr MOD expr .)
    BREAK           reduce using rule 33 (expr -> expr MOD expr .)
    FOR             reduce using rule 33 (expr -> expr MOD expr .)
    IF              reduce using rule 33 (expr -> expr MOD expr .)
    ID              reduce using rule 33 (expr -> expr MOD expr .)
    NOT             reduce using rule 33 (expr -> expr MOD expr .)
    BITWISE_NOT     reduce using rule 33 (expr -> expr MOD expr .)
    LPAREN          reduce using rule 33 (expr -> expr MOD expr .)
    NUMBER          reduce using rule 33 (expr -> expr MOD expr .)
    $end            reduce using rule 33 (expr -> expr MOD expr .)
    RPAREN          reduce using rule 33 (expr -> expr MOD expr .)
    THEN            reduce using rule 33 (expr -> expr MOD expr .)
    FI              reduce using rule 33 (expr -> expr MOD expr .)
    COMMA           reduce using rule 33 (expr -> expr MOD expr .)
    RBRACE          reduce using rule 33 (expr -> expr MOD expr .)
    COLON           reduce using rule 33 (expr -> expr MOD expr .)
    ELSE            reduce using rule 33 (expr -> expr MOD expr .)
    ELSEIF          reduce using rule 33 (expr -> expr MOD expr .)
    ENDFOR          reduce using rule 33 (expr -> expr MOD expr .)
    LBRACE          shift and go to state 20

  ! LBRACE          [ reduce using rule 33 (expr -> expr MOD expr .) ]
  ! UPDATE          [ shift and go to state 18 ]
  ! PLUS_EQUAL      [ shift and go to state 19 ]
  ! QUEST           [ shift and go to state 21 ]
  ! BITWISE_AND     [ shift and go to state 22 ]
  ! BITWISE_OR      [ shift and go to state 23 ]
  ! OP              [ shift and go to state 24 ]
  ! PLUS            [ shift and go to state 25 ]
  ! MINUS           [ shift and go to state 26 ]
  ! TIMES           [ shift and go to state 27 ]
  ! DIV             [ shift and go to state 28 ]
  ! MOD             [ shift and go to state 29 ]
  ! AND             [ shift and go to state 30 ]
  ! OR              [ shift and go to state 31 ]
  ! LSHIFT          [ shift and go to state 32 ]
  ! RSHIFT          [ shift and go to state 33 ]
  ! LSHIFT_LOGICAL  [ shift and go to state 34 ]
  ! RSHIFT_LOGICAL  [ shift and go to state 35 ]
  ! GREATER         [ shift and go to state 36 ]
  ! LESS            [ shift and go to state 37 ]
  ! LESS_EQUAL      [ shift and go to state 38 ]
  ! GREATER_EQUAL   [ shift and go to state 39 ]
  ! EQUAL           [ shift and go to state 40 ]
  ! NOT_EQUAL       [ shift and go to state 41 ]
  ! XOR             [ shift and go to state 42 ]


state 65

    (34) expr -> expr AND expr .
    (6) expr -> expr . UPDATE expr
    (7) expr -> expr . PLUS_EQUAL expr
    (20) expr -> expr . LBRACE expr RBRACE
    (21) expr -> expr . LBRACE expr COLON expr RBRACE
    (22) expr -> expr . QUEST expr COLON expr
    (26) expr -> expr . BITWISE_AND expr
    (27) expr -> expr . BITWISE_OR expr
    (28) expr -> expr . OP expr
    (29) expr -> expr . PLUS expr
    (30) expr -> expr . MINUS expr
    (31) expr -> expr . TIMES expr
    (32) expr -> expr . DIV expr
    (33) expr -> expr . MOD expr
    (34) expr -> expr . AND expr
    (35) expr -> expr . OR expr
    (36) expr -> expr . LSHIFT expr
    (37) expr -> expr . RSHIFT expr
    (38) expr -> expr . LSHIFT_LOGICAL expr
    (39) expr -> expr . RSHIFT_LOGICAL expr
    (40) expr -> expr . GREATER expr
    (41) expr -> expr . LESS expr
    (42) expr -> expr . LESS_EQUAL expr
    (43) expr -> expr . GREATER_EQUAL expr
    (44) expr -> expr . EQUAL expr
    (45) expr -> expr . NOT_EQUAL expr
    (46) expr -> expr . XOR expr

    UPDATE          reduce using rule 34 (expr -> expr AND expr .)
    PLUS_EQUAL      reduce using rule 34 (expr -> expr AND expr .)
    QUEST           reduce using rule 34 (expr -> expr AND expr .)
    BITWISE_AND     reduce using rule 34 (expr -> expr AND expr .)
    BITWISE_OR      reduce using rule 34 (expr -> expr AND expr .)
    OP              reduce using rule 34 (expr -> expr AND expr .)
    AND             reduce using rule 34 (expr -> expr AND expr .)
    OR              reduce using rule 34 (expr -> expr AND expr .)
    DEFINE          reduce using rule 34 (expr -> expr AND expr .)
    BREAK           reduce using rule 34 (expr -> expr AND expr .)
    FOR             reduce using rule 34 (expr -> expr AND expr .)
    IF              reduce using rule 34 (expr -> expr AND expr .)
    ID              reduce using rule 34 (expr -> expr AND expr .)
    NOT             reduce using rule 34 (expr -> expr AND expr .)
    BITWISE_NOT     reduce using rule 34 (expr -> expr AND expr .)
    LPAREN          reduce using rule 34 (expr -> expr AND expr .)
    NUMBER          reduce using rule 34 (expr -> expr AND expr .)
    $end            reduce using rule 34 (expr -> expr AND expr .)
    RPAREN          reduce using rule 34 (expr -> expr AND expr .)
    THEN            reduce using rule 34 (expr -> expr AND expr .)
    FI              reduce using rule 34 (expr -> expr AND expr .)
    COMMA           reduce using rule 34 (expr -> expr AND expr .)
    RBRACE          reduce using rule 34 (expr -> expr AND expr .)
    COLON           reduce using rule 34 (expr -> expr AND expr .)
    ELSE            reduce using rule 34 (expr -> expr AND expr .)
    ELSEIF          reduce using rule 34 (expr -> expr AND expr .)
    ENDFOR          reduce using rule 34 (expr -> expr AND expr .)
    LBRACE          shift and go to state 20
    PLUS            shift and go to state 25
    MINUS           shift and go to state 26
    TIMES           shift and go to state 27
    DIV             shift and go to state 28
    MOD             shift and go to state 29
    LSHIFT          shift and go to state 32
    RSHIFT          shift and go to state 33
    LSHIFT_LOGICAL  shift and go to state 34
    RSHIFT_LOGICAL  shift and go to state 35
    GREATER         shift and go to state 36
    LESS            shift and go to state 37
    LESS_EQUAL      shift and go to state 38
    GREATER_EQUAL   shift and go to state 39
    EQUAL           shift and go to state 40
    NOT_EQUAL       shift and go to state 41
    XOR             shift and go to state 42

  ! LBRACE          [ reduce using rule 34 (expr -> expr AND expr .) ]
  ! PLUS            [ reduce using rule 34 (expr -> expr AND expr .) ]
  ! MINUS           [ reduce using rule 34 (expr -> expr AND expr .) ]
  ! TIMES           [ reduce using rule 34 (expr -> expr AND expr .) ]
  ! DIV             [ reduce using rule 34 (expr -> expr AND expr .) ]
  ! MOD             [ reduce using rule 34 (expr -> expr AND expr .) ]
  ! LSHIFT          [ reduce using rule 34 (expr -> expr AND expr .) ]
  ! RSHIFT          [ reduce using rule 34 (expr -> expr AND expr .) ]
  ! LSHIFT_LOGICAL  [ reduce using rule 34 (expr -> expr AND expr .) ]
  ! RSHIFT_LOGICAL  [ reduce using rule 34 (expr -> expr AND expr .) ]
  ! GREATER         [ reduce using rule 34 (expr -> expr AND expr .) ]
  ! LESS            [ reduce using rule 34 (expr -> expr AND expr .) ]
  ! LESS_EQUAL      [ reduce using rule 34 (expr -> expr AND expr .) ]
  ! GREATER_EQUAL   [ reduce using rule 34 (expr -> expr AND expr .) ]
  ! EQUAL           [ reduce using rule 34 (expr -> expr AND expr .) ]
  ! NOT_EQUAL       [ reduce using rule 34 (expr -> expr AND expr .) ]
  ! XOR             [ reduce using rule 34 (expr -> expr AND expr .) ]
  ! UPDATE          [ shift and go to state 18 ]
  ! PLUS_EQUAL      [ shift and go to state 19 ]
  ! QUEST           [ shift and go to state 21 ]
  ! BITWISE_AND     [ shift and go to state 22 ]
  ! BITWISE_OR      [ shift and go to state 23 ]
  ! OP              [ shift and go to state 24 ]
  ! AND             [ shift and go to state 30 ]
  ! OR              [ shift and go to state 31 ]


state 66

    (35) expr -> expr OR expr .
    (6) expr -> expr . UPDATE expr
    (7) expr -> expr . PLUS_EQUAL expr
    (20) expr -> expr . LBRACE expr RBRACE
    (21) expr -> expr . LBRACE expr COLON expr RBRACE
    (22) expr -> expr . QUEST expr COLON expr
    (26) expr -> expr . BITWISE_AND expr
    (27) expr -> expr . BITWISE_OR expr
    (28) expr -> expr . OP expr
    (29) expr -> expr . PLUS expr
    (30) expr -> expr . MINUS expr
    (31) expr -> expr . TIMES expr
    (32) expr -> expr . DIV expr
    (33) expr -> expr . MOD expr
    (34) expr -> expr . AND expr
    (35) expr -> expr . OR expr
    (36) expr -> expr . LSHIFT expr
    (37) expr -> expr . RSHIFT expr
    (38) expr -> expr . LSHIFT_LOGICAL expr
    (39) expr -> expr . RSHIFT_LOGICAL expr
    (40) expr -> expr . GREATER expr
    (41) expr -> expr . LESS expr
    (42) expr -> expr . LESS_EQUAL expr
    (43) expr -> expr . GREATER_EQUAL expr
    (44) expr -> expr . EQUAL expr
    (45) expr -> expr . NOT_EQUAL expr
    (46) expr -> expr . XOR expr

    UPDATE          reduce using rule 35 (expr -> expr OR expr .)
    PLUS_EQUAL      reduce using rule 35 (expr -> expr OR expr .)
    QUEST           reduce using rule 35 (expr -> expr OR expr .)
    BITWISE_AND     reduce using rule 35 (expr -> expr OR expr .)
    BITWISE_OR      reduce using rule 35 (expr -> expr OR expr .)
    OP              reduce using rule 35 (expr -> expr OR expr .)
    OR              reduce using rule 35 (expr -> expr OR expr .)
    DEFINE          reduce using rule 35 (expr -> expr OR expr .)
    BREAK           reduce using rule 35 (expr -> expr OR expr .)
    FOR             reduce using rule 35 (expr -> expr OR expr .)
    IF              reduce using rule 35 (expr -> expr OR expr .)
    ID              reduce using rule 35 (expr -> expr OR expr .)
    NOT             reduce using rule 35 (expr -> expr OR expr .)
    BITWISE_NOT     reduce using rule 35 (expr -> expr OR expr .)
    LPAREN          reduce using rule 35 (expr -> expr OR expr .)
    NUMBER          reduce using rule 35 (expr -> expr OR expr .)
    $end            reduce using rule 35 (expr -> expr OR expr .)
    RPAREN          reduce using rule 35 (expr -> expr OR expr .)
    THEN            reduce using rule 35 (expr -> expr OR expr .)
    FI              reduce using rule 35 (expr -> expr OR expr .)
    COMMA           reduce using rule 35 (expr -> expr OR expr .)
    RBRACE          reduce using rule 35 (expr -> expr OR expr .)
    COLON           reduce using rule 35 (expr -> expr OR expr .)
    ELSE            reduce using rule 35 (expr -> expr OR expr .)
    ELSEIF          reduce using rule 35 (expr -> expr OR expr .)
    ENDFOR          reduce using rule 35 (expr -> expr OR expr .)
    LBRACE          shift and go to state 20
    PLUS            shift and go to state 25
    MINUS           shift and go to state 26
    TIMES           shift and go to state 27
    DIV             shift and go to state 28
    MOD             shift and go to state 29
    AND             shift and go to state 30
    LSHIFT          shift and go to state 32
    RSHIFT          shift and go to state 33
    LSHIFT_LOGICAL  shift and go to state 34
    RSHIFT_LOGICAL  shift and go to state 35
    GREATER         shift and go to state 36
    LESS            shift and go to state 37
    LESS_EQUAL      shift and go to state 38
    GREATER_EQUAL   shift and go to state 39
    EQUAL           shift and go to state 40
    NOT_EQUAL       shift and go to state 41
    XOR             shift and go to state 42

  ! LBRACE          [ reduce using rule 35 (expr -> expr OR expr .) ]
  ! PLUS            [ reduce using rule 35 (expr -> expr OR expr .) ]
  ! MINUS           [ reduce using rule 35 (expr -> expr OR expr .) ]
  ! TIMES           [ reduce using rule 35 (expr -> expr OR expr .) ]
  ! DIV             [ reduce using rule 35 (expr -> expr OR expr .) ]
  ! MOD             [ reduce using rule 35 (expr -> expr OR expr .) ]
  ! AND             [ reduce using rule 35 (expr -> expr OR expr .) ]
  ! LSHIFT          [ reduce using rule 35 (expr -> expr OR expr .) ]
  ! RSHIFT          [ reduce using rule 35 (expr -> expr OR expr .) ]
  ! LSHIFT_LOGICAL  [ reduce using rule 35 (expr -> expr OR expr .) ]
  ! RSHIFT_LOGICAL  [ reduce using rule 35 (expr -> expr OR expr .) ]
  ! GREATER         [ reduce using rule 35 (expr -> expr OR expr .) ]
  ! LESS            [ reduce using rule 35 (expr -> expr OR expr .) ]
  ! LESS_EQUAL      [ reduce using rule 35 (expr -> expr OR expr .) ]
  ! GREATER_EQUAL   [ reduce using rule 35 (expr -> expr OR expr .) ]
  ! EQUAL           [ reduce using rule 35 (expr -> expr OR expr .) ]
  ! NOT_EQUAL       [ reduce using rule 35 (expr -> expr OR expr .) ]
  ! XOR             [ reduce using rule 35 (expr -> expr OR expr .) ]
  ! UPDATE          [ shift and go to state 18 ]
  ! PLUS_EQUAL      [ shift and go to state 19 ]
  ! QUEST           [ shift and go to state 21 ]
  ! BITWISE_AND     [ shift and go to state 22 ]
  ! BITWISE_OR      [ shift and go to state 23 ]
  ! OP              [ shift and go to state 24 ]
  ! OR              [ shift and go to state 31 ]


state 67

    (36) expr -> expr LSHIFT expr .
    (6) expr -> expr . UPDATE expr
    (7) expr -> expr . PLUS_EQUAL expr
    (20) expr -> expr . LBRACE expr RBRACE
    (21) expr -> expr . LBRACE expr COLON expr RBRACE
    (22) expr -> expr . QUEST expr COLON expr
    (26) expr -> expr . BITWISE_AND expr
    (27) expr -> expr . BITWISE_OR expr
    (28) expr -> expr . OP expr
    (29) expr -> expr . PLUS expr
    (30) expr -> expr . MINUS expr
    (31) expr -> expr . TIMES expr
    (32) expr -> expr . DIV expr
    (33) expr -> expr . MOD expr
    (34) expr -> expr . AND expr
    (35) expr -> expr . OR expr
    (36) expr -> expr . LSHIFT expr
    (37) expr -> expr . RSHIFT expr
    (38) expr -> expr . LSHIFT_LOGICAL expr
    (39) expr -> expr . RSHIFT_LOGICAL expr
    (40) expr -> expr . GREATER expr
    (41) expr -> expr . LESS expr
    (42) expr -> expr . LESS_EQUAL expr
    (43) expr -> expr . GREATER_EQUAL expr
    (44) expr -> expr . EQUAL expr
    (45) expr -> expr . NOT_EQUAL expr
    (46) expr -> expr . XOR expr

    UPDATE          reduce using rule 36 (expr -> expr LSHIFT expr .)
    PLUS_EQUAL      reduce using rule 36 (expr -> expr LSHIFT expr .)
    QUEST           reduce using rule 36 (expr -> expr LSHIFT expr .)
    BITWISE_AND     reduce using rule 36 (expr -> expr LSHIFT expr .)
    BITWISE_OR      reduce using rule 36 (expr -> expr LSHIFT expr .)
    OP              reduce using rule 36 (expr -> expr LSHIFT expr .)
    AND             reduce using rule 36 (expr -> expr LSHIFT expr .)
    OR              reduce using rule 36 (expr -> expr LSHIFT expr .)
    LSHIFT          reduce using rule 36 (expr -> expr LSHIFT expr .)
    RSHIFT          reduce using rule 36 (expr -> expr LSHIFT expr .)
    LSHIFT_LOGICAL  reduce using rule 36 (expr -> expr LSHIFT expr .)
    RSHIFT_LOGICAL  reduce using rule 36 (expr -> expr LSHIFT expr .)
    GREATER         reduce using rule 36 (expr -> expr LSHIFT expr .)
    LESS            reduce using rule 36 (expr -> expr LSHIFT expr .)
    LESS_EQUAL      reduce using rule 36 (expr -> expr LSHIFT expr .)
    GREATER_EQUAL   reduce using rule 36 (expr -> expr LSHIFT expr .)
    EQUAL           reduce using rule 36 (expr -> expr LSHIFT expr .)
    NOT_EQUAL       reduce using rule 36 (expr -> expr LSHIFT expr .)
    XOR             reduce using rule 36 (expr -> expr LSHIFT expr .)
    DEFINE          reduce using rule 36 (expr -> expr LSHIFT expr .)
    BREAK           reduce using rule 36 (expr -> expr LSHIFT expr .)
    FOR             reduce using rule 36 (expr -> expr LSHIFT expr .)
    IF              reduce using rule 36 (expr -> expr LSHIFT expr .)
    ID              reduce using rule 36 (expr -> expr LSHIFT expr .)
    NOT             reduce using rule 36 (expr -> expr LSHIFT expr .)
    BITWISE_NOT     reduce using rule 36 (expr -> expr LSHIFT expr .)
    LPAREN          reduce using rule 36 (expr -> expr LSHIFT expr .)
    NUMBER          reduce using rule 36 (expr -> expr LSHIFT expr .)
    $end            reduce using rule 36 (expr -> expr LSHIFT expr .)
    RPAREN          reduce using rule 36 (expr -> expr LSHIFT expr .)
    THEN            reduce using rule 36 (expr -> expr LSHIFT expr .)
    FI              reduce using rule 36 (expr -> expr LSHIFT expr .)
    COMMA           reduce using rule 36 (expr -> expr LSHIFT expr .)
    RBRACE          reduce using rule 36 (expr -> expr LSHIFT expr .)
    COLON           reduce using rule 36 (expr -> expr LSHIFT expr .)
    ELSE            reduce using rule 36 (expr -> expr LSHIFT expr .)
    ELSEIF          reduce using rule 36 (expr -> expr LSHIFT expr .)
    ENDFOR          reduce using rule 36 (expr -> expr LSHIFT expr .)
    LBRACE          shift and go to state 20
    PLUS            shift and go to state 25
    MINUS           shift and go to state 26
    TIMES           shift and go to state 27
    DIV             shift and go to state 28
    MOD             shift and go to state 29

  ! LBRACE          [ reduce using rule 36 (expr -> expr LSHIFT expr .) ]
  ! PLUS            [ reduce using rule 36 (expr -> expr LSHIFT expr .) ]
  ! MINUS           [ reduce using rule 36 (expr -> expr LSHIFT expr .) ]
  ! TIMES           [ reduce using rule 36 (expr -> expr LSHIFT expr .) ]
  ! DIV             [ reduce using rule 36 (expr -> expr LSHIFT expr .) ]
  ! MOD             [ reduce using rule 36 (expr -> expr LSHIFT expr .) ]
  ! UPDATE          [ shift and go to state 18 ]
  ! PLUS_EQUAL      [ shift and go to state 19 ]
  ! QUEST           [ shift and go to state 21 ]
  ! BITWISE_AND     [ shift and go to state 22 ]
  ! BITWISE_OR      [ shift and go to state 23 ]
  ! OP              [ shift and go to state 24 ]
  ! AND             [ shift and go to state 30 ]
  ! OR              [ shift and go to state 31 ]
  ! LSHIFT          [ shift and go to state 32 ]
  ! RSHIFT          [ shift and go to state 33 ]
  ! LSHIFT_LOGICAL  [ shift and go to state 34 ]
  ! RSHIFT_LOGICAL  [ shift and go to state 35 ]
  ! GREATER         [ shift and go to state 36 ]
  ! LESS            [ shift and go to state 37 ]
  ! LESS_EQUAL      [ shift and go to state 38 ]
  ! GREATER_EQUAL   [ shift and go to state 39 ]
  ! EQUAL           [ shift and go to state 40 ]
  ! NOT_EQUAL       [ shift and go to state 41 ]
  ! XOR             [ shift and go to state 42 ]


state 68

    (37) expr -> expr RSHIFT expr .
    (6) expr -> expr . UPDATE expr
    (7) expr -> expr . PLUS_EQUAL expr
    (20) expr -> expr . LBRACE expr RBRACE
    (21) expr -> expr . LBRACE expr COLON expr RBRACE
    (22) expr -> expr . QUEST expr COLON expr
    (26) expr -> expr . BITWISE_AND expr
    (27) expr -> expr . BITWISE_OR expr
    (28) expr -> expr . OP expr
    (29) expr -> expr . PLUS expr
    (30) expr -> expr . MINUS expr
    (31) expr -> expr . TIMES expr
    (32) expr -> expr . DIV expr
    (33) expr -> expr . MOD expr
    (34) expr -> expr . AND expr
    (35) expr -> expr . OR expr
    (36) expr -> expr . LSHIFT expr
    (37) expr -> expr . RSHIFT expr
    (38) expr -> expr . LSHIFT_LOGICAL expr
    (39) expr -> expr . RSHIFT_LOGICAL expr
    (40) expr -> expr . GREATER expr
    (41) expr -> expr . LESS expr
    (42) expr -> expr . LESS_EQUAL expr
    (43) expr -> expr . GREATER_EQUAL expr
    (44) expr -> expr . EQUAL expr
    (45) expr -> expr . NOT_EQUAL expr
    (46) expr -> expr . XOR expr

    UPDATE          reduce using rule 37 (expr -> expr RSHIFT expr .)
    PLUS_EQUAL      reduce using rule 37 (expr -> expr RSHIFT expr .)
    QUEST           reduce using rule 37 (expr -> expr RSHIFT expr .)
    BITWISE_AND     reduce using rule 37 (expr -> expr RSHIFT expr .)
    BITWISE_OR      reduce using rule 37 (expr -> expr RSHIFT expr .)
    OP              reduce using rule 37 (expr -> expr RSHIFT expr .)
    AND             reduce using rule 37 (expr -> expr RSHIFT expr .)
    OR              reduce using rule 37 (expr -> expr RSHIFT expr .)
    LSHIFT          reduce using rule 37 (expr -> expr RSHIFT expr .)
    RSHIFT          reduce using rule 37 (expr -> expr RSHIFT expr .)
    LSHIFT_LOGICAL  reduce using rule 37 (expr -> expr RSHIFT expr .)
    RSHIFT_LOGICAL  reduce using rule 37 (expr -> expr RSHIFT expr .)
    GREATER         reduce using rule 37 (expr -> expr RSHIFT expr .)
    LESS            reduce using rule 37 (expr -> expr RSHIFT expr .)
    LESS_EQUAL      reduce using rule 37 (expr -> expr RSHIFT expr .)
    GREATER_EQUAL   reduce using rule 37 (expr -> expr RSHIFT expr .)
    EQUAL           reduce using rule 37 (expr -> expr RSHIFT expr .)
    NOT_EQUAL       reduce using rule 37 (expr -> expr RSHIFT expr .)
    XOR             reduce using rule 37 (expr -> expr RSHIFT expr .)
    DEFINE          reduce using rule 37 (expr -> expr RSHIFT expr .)
    BREAK           reduce using rule 37 (expr -> expr RSHIFT expr .)
    FOR             reduce using rule 37 (expr -> expr RSHIFT expr .)
    IF              reduce using rule 37 (expr -> expr RSHIFT expr .)
    ID              reduce using rule 37 (expr -> expr RSHIFT expr .)
    NOT             reduce using rule 37 (expr -> expr RSHIFT expr .)
    BITWISE_NOT     reduce using rule 37 (expr -> expr RSHIFT expr .)
    LPAREN          reduce using rule 37 (expr -> expr RSHIFT expr .)
    NUMBER          reduce using rule 37 (expr -> expr RSHIFT expr .)
    $end            reduce using rule 37 (expr -> expr RSHIFT expr .)
    RPAREN          reduce using rule 37 (expr -> expr RSHIFT expr .)
    THEN            reduce using rule 37 (expr -> expr RSHIFT expr .)
    FI              reduce using rule 37 (expr -> expr RSHIFT expr .)
    COMMA           reduce using rule 37 (expr -> expr RSHIFT expr .)
    RBRACE          reduce using rule 37 (expr -> expr RSHIFT expr .)
    COLON           reduce using rule 37 (expr -> expr RSHIFT expr .)
    ELSE            reduce using rule 37 (expr -> expr RSHIFT expr .)
    ELSEIF          reduce using rule 37 (expr -> expr RSHIFT expr .)
    ENDFOR          reduce using rule 37 (expr -> expr RSHIFT expr .)
    LBRACE          shift and go to state 20
    PLUS            shift and go to state 25
    MINUS           shift and go to state 26
    TIMES           shift and go to state 27
    DIV             shift and go to state 28
    MOD             shift and go to state 29

  ! LBRACE          [ reduce using rule 37 (expr -> expr RSHIFT expr .) ]
  ! PLUS            [ reduce using rule 37 (expr -> expr RSHIFT expr .) ]
  ! MINUS           [ reduce using rule 37 (expr -> expr RSHIFT expr .) ]
  ! TIMES           [ reduce using rule 37 (expr -> expr RSHIFT expr .) ]
  ! DIV             [ reduce using rule 37 (expr -> expr RSHIFT expr .) ]
  ! MOD             [ reduce using rule 37 (expr -> expr RSHIFT expr .) ]
  ! UPDATE          [ shift and go to state 18 ]
  ! PLUS_EQUAL      [ shift and go to state 19 ]
  ! QUEST           [ shift and go to state 21 ]
  ! BITWISE_AND     [ shift and go to state 22 ]
  ! BITWISE_OR      [ shift and go to state 23 ]
  ! OP              [ shift and go to state 24 ]
  ! AND             [ shift and go to state 30 ]
  ! OR              [ shift and go to state 31 ]
  ! LSHIFT          [ shift and go to state 32 ]
  ! RSHIFT          [ shift and go to state 33 ]
  ! LSHIFT_LOGICAL  [ shift and go to state 34 ]
  ! RSHIFT_LOGICAL  [ shift and go to state 35 ]
  ! GREATER         [ shift and go to state 36 ]
  ! LESS            [ shift and go to state 37 ]
  ! LESS_EQUAL      [ shift and go to state 38 ]
  ! GREATER_EQUAL   [ shift and go to state 39 ]
  ! EQUAL           [ shift and go to state 40 ]
  ! NOT_EQUAL       [ shift and go to state 41 ]
  ! XOR             [ shift and go to state 42 ]


state 69

    (38) expr -> expr LSHIFT_LOGICAL expr .
    (6) expr -> expr . UPDATE expr
    (7) expr -> expr . PLUS_EQUAL expr
    (20) expr -> expr . LBRACE expr RBRACE
    (21) expr -> expr . LBRACE expr COLON expr RBRACE
    (22) expr -> expr . QUEST expr COLON expr
    (26) expr -> expr . BITWISE_AND expr
    (27) expr -> expr . BITWISE_OR expr
    (28) expr -> expr . OP expr
    (29) expr -> expr . PLUS expr
    (30) expr -> expr . MINUS expr
    (31) expr -> expr . TIMES expr
    (32) expr -> expr . DIV expr
    (33) expr -> expr . MOD expr
    (34) expr -> expr . AND expr
    (35) expr -> expr . OR expr
    (36) expr -> expr . LSHIFT expr
    (37) expr -> expr . RSHIFT expr
    (38) expr -> expr . LSHIFT_LOGICAL expr
    (39) expr -> expr . RSHIFT_LOGICAL expr
    (40) expr -> expr . GREATER expr
    (41) expr -> expr . LESS expr
    (42) expr -> expr . LESS_EQUAL expr
    (43) expr -> expr . GREATER_EQUAL expr
    (44) expr -> expr . EQUAL expr
    (45) expr -> expr . NOT_EQUAL expr
    (46) expr -> expr . XOR expr

    UPDATE          reduce using rule 38 (expr -> expr LSHIFT_LOGICAL expr .)
    PLUS_EQUAL      reduce using rule 38 (expr -> expr LSHIFT_LOGICAL expr .)
    QUEST           reduce using rule 38 (expr -> expr LSHIFT_LOGICAL expr .)
    BITWISE_AND     reduce using rule 38 (expr -> expr LSHIFT_LOGICAL expr .)
    BITWISE_OR      reduce using rule 38 (expr -> expr LSHIFT_LOGICAL expr .)
    OP              reduce using rule 38 (expr -> expr LSHIFT_LOGICAL expr .)
    AND             reduce using rule 38 (expr -> expr LSHIFT_LOGICAL expr .)
    OR              reduce using rule 38 (expr -> expr LSHIFT_LOGICAL expr .)
    LSHIFT          reduce using rule 38 (expr -> expr LSHIFT_LOGICAL expr .)
    RSHIFT          reduce using rule 38 (expr -> expr LSHIFT_LOGICAL expr .)
    LSHIFT_LOGICAL  reduce using rule 38 (expr -> expr LSHIFT_LOGICAL expr .)
    RSHIFT_LOGICAL  reduce using rule 38 (expr -> expr LSHIFT_LOGICAL expr .)
    GREATER         reduce using rule 38 (expr -> expr LSHIFT_LOGICAL expr .)
    LESS            reduce using rule 38 (expr -> expr LSHIFT_LOGICAL expr .)
    LESS_EQUAL      reduce using rule 38 (expr -> expr LSHIFT_LOGICAL expr .)
    GREATER_EQUAL   reduce using rule 38 (expr -> expr LSHIFT_LOGICAL expr .)
    EQUAL           reduce using rule 38 (expr -> expr LSHIFT_LOGICAL expr .)
    NOT_EQUAL       reduce using rule 38 (expr -> expr LSHIFT_LOGICAL expr .)
    XOR             reduce using rule 38 (expr -> expr LSHIFT_LOGICAL expr .)
    DEFINE          reduce using rule 38 (expr -> expr LSHIFT_LOGICAL expr .)
    BREAK           reduce using rule 38 (expr -> expr LSHIFT_LOGICAL expr .)
    FOR             reduce using rule 38 (expr -> expr LSHIFT_LOGICAL expr .)
    IF              reduce using rule 38 (expr -> expr LSHIFT_LOGICAL expr .)
    ID              reduce using rule 38 (expr -> expr LSHIFT_LOGICAL expr .)
    NOT             reduce using rule 38 (expr -> expr LSHIFT_LOGICAL expr .)
    BITWISE_NOT     reduce using rule 38 (expr -> expr LSHIFT_LOGICAL expr .)
    LPAREN          reduce using rule 38 (expr -> expr LSHIFT_LOGICAL expr .)
    NUMBER          reduce using rule 38 (expr -> expr LSHIFT_LOGICAL expr .)
    $end            reduce using rule 38 (expr -> expr LSHIFT_LOGICAL expr .)
    RPAREN          reduce using rule 38 (expr -> expr LSHIFT_LOGICAL expr .)
    THEN            reduce using rule 38 (expr -> expr LSHIFT_LOGICAL expr .)
    FI              reduce using rule 38 (expr -> expr LSHIFT_LOGICAL expr .)
    COMMA           reduce using rule 38 (expr -> expr LSHIFT_LOGICAL expr .)
    RBRACE          reduce using rule 38 (expr -> expr LSHIFT_LOGICAL expr .)
    COLON           reduce using rule 38 (expr -> expr LSHIFT_LOGICAL expr .)
    ELSE            reduce using rule 38 (expr -> expr LSHIFT_LOGICAL expr .)
    ELSEIF          reduce using rule 38 (expr -> expr LSHIFT_LOGICAL expr .)
    ENDFOR          reduce using rule 38 (expr -> expr LSHIFT_LOGICAL expr .)
    LBRACE          shift and go to state 20
    PLUS            shift and go to state 25
    MINUS           shift and go to state 26
    TIMES           shift and go to state 27
    DIV             shift and go to state 28
    MOD             shift and go to state 29

  ! LBRACE          [ reduce using rule 38 (expr -> expr LSHIFT_LOGICAL expr .) ]
  ! PLUS            [ reduce using rule 38 (expr -> expr LSHIFT_LOGICAL expr .) ]
  ! MINUS           [ reduce using rule 38 (expr -> expr LSHIFT_LOGICAL expr .) ]
  ! TIMES           [ reduce using rule 38 (expr -> expr LSHIFT_LOGICAL expr .) ]
  ! DIV             [ reduce using rule 38 (expr -> expr LSHIFT_LOGICAL expr .) ]
  ! MOD             [ reduce using rule 38 (expr -> expr LSHIFT_LOGICAL expr .) ]
  ! UPDATE          [ shift and go to state 18 ]
  ! PLUS_EQUAL      [ shift and go to state 19 ]
  ! QUEST           [ shift and go to state 21 ]
  ! BITWISE_AND     [ shift and go to state 22 ]
  ! BITWISE_OR      [ shift and go to state 23 ]
  ! OP              [ shift and go to state 24 ]
  ! AND             [ shift and go to state 30 ]
  ! OR              [ shift and go to state 31 ]
  ! LSHIFT          [ shift and go to state 32 ]
  ! RSHIFT          [ shift and go to state 33 ]
  ! LSHIFT_LOGICAL  [ shift and go to state 34 ]
  ! RSHIFT_LOGICAL  [ shift and go to state 35 ]
  ! GREATER         [ shift and go to state 36 ]
  ! LESS            [ shift and go to state 37 ]
  ! LESS_EQUAL      [ shift and go to state 38 ]
  ! GREATER_EQUAL   [ shift and go to state 39 ]
  ! EQUAL           [ shift and go to state 40 ]
  ! NOT_EQUAL       [ shift and go to state 41 ]
  ! XOR             [ shift and go to state 42 ]


state 70

    (39) expr -> expr RSHIFT_LOGICAL expr .
    (6) expr -> expr . UPDATE expr
    (7) expr -> expr . PLUS_EQUAL expr
    (20) expr -> expr . LBRACE expr RBRACE
    (21) expr -> expr . LBRACE expr COLON expr RBRACE
    (22) expr -> expr . QUEST expr COLON expr
    (26) expr -> expr . BITWISE_AND expr
    (27) expr -> expr . BITWISE_OR expr
    (28) expr -> expr . OP expr
    (29) expr -> expr . PLUS expr
    (30) expr -> expr . MINUS expr
    (31) expr -> expr . TIMES expr
    (32) expr -> expr . DIV expr
    (33) expr -> expr . MOD expr
    (34) expr -> expr . AND expr
    (35) expr -> expr . OR expr
    (36) expr -> expr . LSHIFT expr
    (37) expr -> expr . RSHIFT expr
    (38) expr -> expr . LSHIFT_LOGICAL expr
    (39) expr -> expr . RSHIFT_LOGICAL expr
    (40) expr -> expr . GREATER expr
    (41) expr -> expr . LESS expr
    (42) expr -> expr . LESS_EQUAL expr
    (43) expr -> expr . GREATER_EQUAL expr
    (44) expr -> expr . EQUAL expr
    (45) expr -> expr . NOT_EQUAL expr
    (46) expr -> expr . XOR expr

    UPDATE          reduce using rule 39 (expr -> expr RSHIFT_LOGICAL expr .)
    PLUS_EQUAL      reduce using rule 39 (expr -> expr RSHIFT_LOGICAL expr .)
    QUEST           reduce using rule 39 (expr -> expr RSHIFT_LOGICAL expr .)
    BITWISE_AND     reduce using rule 39 (expr -> expr RSHIFT_LOGICAL expr .)
    BITWISE_OR      reduce using rule 39 (expr -> expr RSHIFT_LOGICAL expr .)
    OP              reduce using rule 39 (expr -> expr RSHIFT_LOGICAL expr .)
    AND             reduce using rule 39 (expr -> expr RSHIFT_LOGICAL expr .)
    OR              reduce using rule 39 (expr -> expr RSHIFT_LOGICAL expr .)
    LSHIFT          reduce using rule 39 (expr -> expr RSHIFT_LOGICAL expr .)
    RSHIFT          reduce using rule 39 (expr -> expr RSHIFT_LOGICAL expr .)
    LSHIFT_LOGICAL  reduce using rule 39 (expr -> expr RSHIFT_LOGICAL expr .)
    RSHIFT_LOGICAL  reduce using rule 39 (expr -> expr RSHIFT_LOGICAL expr .)
    GREATER         reduce using rule 39 (expr -> expr RSHIFT_LOGICAL expr .)
    LESS            reduce using rule 39 (expr -> expr RSHIFT_LOGICAL expr .)
    LESS_EQUAL      reduce using rule 39 (expr -> expr RSHIFT_LOGICAL expr .)
    GREATER_EQUAL   reduce using rule 39 (expr -> expr RSHIFT_LOGICAL expr .)
    EQUAL           reduce using rule 39 (expr -> expr RSHIFT_LOGICAL expr .)
    NOT_EQUAL       reduce using rule 39 (expr -> expr RSHIFT_LOGICAL expr .)
    XOR             reduce using rule 39 (expr -> expr RSHIFT_LOGICAL expr .)
    DEFINE          reduce using rule 39 (expr -> expr RSHIFT_LOGICAL expr .)
    BREAK           reduce using rule 39 (expr -> expr RSHIFT_LOGICAL expr .)
    FOR             reduce using rule 39 (expr -> expr RSHIFT_LOGICAL expr .)
    IF              reduce using rule 39 (expr -> expr RSHIFT_LOGICAL expr .)
    ID              reduce using rule 39 (expr -> expr RSHIFT_LOGICAL expr .)
    NOT             reduce using rule 39 (expr -> expr RSHIFT_LOGICAL expr .)
    BITWISE_NOT     reduce using rule 39 (expr -> expr RSHIFT_LOGICAL expr .)
    LPAREN          reduce using rule 39 (expr -> expr RSHIFT_LOGICAL expr .)
    NUMBER          reduce using rule 39 (expr -> expr RSHIFT_LOGICAL expr .)
    $end            reduce using rule 39 (expr -> expr RSHIFT_LOGICAL expr .)
    RPAREN          reduce using rule 39 (expr -> expr RSHIFT_LOGICAL expr .)
    THEN            reduce using rule 39 (expr -> expr RSHIFT_LOGICAL expr .)
    FI              reduce using rule 39 (expr -> expr RSHIFT_LOGICAL expr .)
    COMMA           reduce using rule 39 (expr -> expr RSHIFT_LOGICAL expr .)
    RBRACE          reduce using rule 39 (expr -> expr RSHIFT_LOGICAL expr .)
    COLON           reduce using rule 39 (expr -> expr RSHIFT_LOGICAL expr .)
    ELSE            reduce using rule 39 (expr -> expr RSHIFT_LOGICAL expr .)
    ELSEIF          reduce using rule 39 (expr -> expr RSHIFT_LOGICAL expr .)
    ENDFOR          reduce using rule 39 (expr -> expr RSHIFT_LOGICAL expr .)
    LBRACE          shift and go to state 20
    PLUS            shift and go to state 25
    MINUS           shift and go to state 26
    TIMES           shift and go to state 27
    DIV             shift and go to state 28
    MOD             shift and go to state 29

  ! LBRACE          [ reduce using rule 39 (expr -> expr RSHIFT_LOGICAL expr .) ]
  ! PLUS            [ reduce using rule 39 (expr -> expr RSHIFT_LOGICAL expr .) ]
  ! MINUS           [ reduce using rule 39 (expr -> expr RSHIFT_LOGICAL expr .) ]
  ! TIMES           [ reduce using rule 39 (expr -> expr RSHIFT_LOGICAL expr .) ]
  ! DIV             [ reduce using rule 39 (expr -> expr RSHIFT_LOGICAL expr .) ]
  ! MOD             [ reduce using rule 39 (expr -> expr RSHIFT_LOGICAL expr .) ]
  ! UPDATE          [ shift and go to state 18 ]
  ! PLUS_EQUAL      [ shift and go to state 19 ]
  ! QUEST           [ shift and go to state 21 ]
  ! BITWISE_AND     [ shift and go to state 22 ]
  ! BITWISE_OR      [ shift and go to state 23 ]
  ! OP              [ shift and go to state 24 ]
  ! AND             [ shift and go to state 30 ]
  ! OR              [ shift and go to state 31 ]
  ! LSHIFT          [ shift and go to state 32 ]
  ! RSHIFT          [ shift and go to state 33 ]
  ! LSHIFT_LOGICAL  [ shift and go to state 34 ]
  ! RSHIFT_LOGICAL  [ shift and go to state 35 ]
  ! GREATER         [ shift and go to state 36 ]
  ! LESS            [ shift and go to state 37 ]
  ! LESS_EQUAL      [ shift and go to state 38 ]
  ! GREATER_EQUAL   [ shift and go to state 39 ]
  ! EQUAL           [ shift and go to state 40 ]
  ! NOT_EQUAL       [ shift and go to state 41 ]
  ! XOR             [ shift and go to state 42 ]


state 71

    (40) expr -> expr GREATER expr .
    (6) expr -> expr . UPDATE expr
    (7) expr -> expr . PLUS_EQUAL expr
    (20) expr -> expr . LBRACE expr RBRACE
    (21) expr -> expr . LBRACE expr COLON expr RBRACE
    (22) expr -> expr . QUEST expr COLON expr
    (26) expr -> expr . BITWISE_AND expr
    (27) expr -> expr . BITWISE_OR expr
    (28) expr -> expr . OP expr
    (29) expr -> expr . PLUS expr
    (30) expr -> expr . MINUS expr
    (31) expr -> expr . TIMES expr
    (32) expr -> expr . DIV expr
    (33) expr -> expr . MOD expr
    (34) expr -> expr . AND expr
    (35) expr -> expr . OR expr
    (36) expr -> expr . LSHIFT expr
    (37) expr -> expr . RSHIFT expr
    (38) expr -> expr . LSHIFT_LOGICAL expr
    (39) expr -> expr . RSHIFT_LOGICAL expr
    (40) expr -> expr . GREATER expr
    (41) expr -> expr . LESS expr
    (42) expr -> expr . LESS_EQUAL expr
    (43) expr -> expr . GREATER_EQUAL expr
    (44) expr -> expr . EQUAL expr
    (45) expr -> expr . NOT_EQUAL expr
    (46) expr -> expr . XOR expr

    UPDATE          reduce using rule 40 (expr -> expr GREATER expr .)
    PLUS_EQUAL      reduce using rule 40 (expr -> expr GREATER expr .)
    QUEST           reduce using rule 40 (expr -> expr GREATER expr .)
    BITWISE_AND     reduce using rule 40 (expr -> expr GREATER expr .)
    BITWISE_OR      reduce using rule 40 (expr -> expr GREATER expr .)
    OP              reduce using rule 40 (expr -> expr GREATER expr .)
    AND             reduce using rule 40 (expr -> expr GREATER expr .)
    OR              reduce using rule 40 (expr -> expr GREATER expr .)
    GREATER         reduce using rule 40 (expr -> expr GREATER expr .)
    LESS            reduce using rule 40 (expr -> expr GREATER expr .)
    LESS_EQUAL      reduce using rule 40 (expr -> expr GREATER expr .)
    GREATER_EQUAL   reduce using rule 40 (expr -> expr GREATER expr .)
    EQUAL           reduce using rule 40 (expr -> expr GREATER expr .)
    NOT_EQUAL       reduce using rule 40 (expr -> expr GREATER expr .)
    XOR             reduce using rule 40 (expr -> expr GREATER expr .)
    DEFINE          reduce using rule 40 (expr -> expr GREATER expr .)
    BREAK           reduce using rule 40 (expr -> expr GREATER expr .)
    FOR             reduce using rule 40 (expr -> expr GREATER expr .)
    IF              reduce using rule 40 (expr -> expr GREATER expr .)
    ID              reduce using rule 40 (expr -> expr GREATER expr .)
    NOT             reduce using rule 40 (expr -> expr GREATER expr .)
    BITWISE_NOT     reduce using rule 40 (expr -> expr GREATER expr .)
    LPAREN          reduce using rule 40 (expr -> expr GREATER expr .)
    NUMBER          reduce using rule 40 (expr -> expr GREATER expr .)
    $end            reduce using rule 40 (expr -> expr GREATER expr .)
    RPAREN          reduce using rule 40 (expr -> expr GREATER expr .)
    THEN            reduce using rule 40 (expr -> expr GREATER expr .)
    FI              reduce using rule 40 (expr -> expr GREATER expr .)
    COMMA           reduce using rule 40 (expr -> expr GREATER expr .)
    RBRACE          reduce using rule 40 (expr -> expr GREATER expr .)
    COLON           reduce using rule 40 (expr -> expr GREATER expr .)
    ELSE            reduce using rule 40 (expr -> expr GREATER expr .)
    ELSEIF          reduce using rule 40 (expr -> expr GREATER expr .)
    ENDFOR          reduce using rule 40 (expr -> expr GREATER expr .)
    LBRACE          shift and go to state 20
    PLUS            shift and go to state 25
    MINUS           shift and go to state 26
    TIMES           shift and go to state 27
    DIV             shift and go to state 28
    MOD             shift and go to state 29
    LSHIFT          shift and go to state 32
    RSHIFT          shift and go to state 33
    LSHIFT_LOGICAL  shift and go to state 34
    RSHIFT_LOGICAL  shift and go to state 35

  ! LBRACE          [ reduce using rule 40 (expr -> expr GREATER expr .) ]
  ! PLUS            [ reduce using rule 40 (expr -> expr GREATER expr .) ]
  ! MINUS           [ reduce using rule 40 (expr -> expr GREATER expr .) ]
  ! TIMES           [ reduce using rule 40 (expr -> expr GREATER expr .) ]
  ! DIV             [ reduce using rule 40 (expr -> expr GREATER expr .) ]
  ! MOD             [ reduce using rule 40 (expr -> expr GREATER expr .) ]
  ! LSHIFT          [ reduce using rule 40 (expr -> expr GREATER expr .) ]
  ! RSHIFT          [ reduce using rule 40 (expr -> expr GREATER expr .) ]
  ! LSHIFT_LOGICAL  [ reduce using rule 40 (expr -> expr GREATER expr .) ]
  ! RSHIFT_LOGICAL  [ reduce using rule 40 (expr -> expr GREATER expr .) ]
  ! UPDATE          [ shift and go to state 18 ]
  ! PLUS_EQUAL      [ shift and go to state 19 ]
  ! QUEST           [ shift and go to state 21 ]
  ! BITWISE_AND     [ shift and go to state 22 ]
  ! BITWISE_OR      [ shift and go to state 23 ]
  ! OP              [ shift and go to state 24 ]
  ! AND             [ shift and go to state 30 ]
  ! OR              [ shift and go to state 31 ]
  ! GREATER         [ shift and go to state 36 ]
  ! LESS            [ shift and go to state 37 ]
  ! LESS_EQUAL      [ shift and go to state 38 ]
  ! GREATER_EQUAL   [ shift and go to state 39 ]
  ! EQUAL           [ shift and go to state 40 ]
  ! NOT_EQUAL       [ shift and go to state 41 ]
  ! XOR             [ shift and go to state 42 ]


state 72

    (41) expr -> expr LESS expr .
    (6) expr -> expr . UPDATE expr
    (7) expr -> expr . PLUS_EQUAL expr
    (20) expr -> expr . LBRACE expr RBRACE
    (21) expr -> expr . LBRACE expr COLON expr RBRACE
    (22) expr -> expr . QUEST expr COLON expr
    (26) expr -> expr . BITWISE_AND expr
    (27) expr -> expr . BITWISE_OR expr
    (28) expr -> expr . OP expr
    (29) expr -> expr . PLUS expr
    (30) expr -> expr . MINUS expr
    (31) expr -> expr . TIMES expr
    (32) expr -> expr . DIV expr
    (33) expr -> expr . MOD expr
    (34) expr -> expr . AND expr
    (35) expr -> expr . OR expr
    (36) expr -> expr . LSHIFT expr
    (37) expr -> expr . RSHIFT expr
    (38) expr -> expr . LSHIFT_LOGICAL expr
    (39) expr -> expr . RSHIFT_LOGICAL expr
    (40) expr -> expr . GREATER expr
    (41) expr -> expr . LESS expr
    (42) expr -> expr . LESS_EQUAL expr
    (43) expr -> expr . GREATER_EQUAL expr
    (44) expr -> expr . EQUAL expr
    (45) expr -> expr . NOT_EQUAL expr
    (46) expr -> expr . XOR expr

    UPDATE          reduce using rule 41 (expr -> expr LESS expr .)
    PLUS_EQUAL      reduce using rule 41 (expr -> expr LESS expr .)
    QUEST           reduce using rule 41 (expr -> expr LESS expr .)
    BITWISE_AND     reduce using rule 41 (expr -> expr LESS expr .)
    BITWISE_OR      reduce using rule 41 (expr -> expr LESS expr .)
    OP              reduce using rule 41 (expr -> expr LESS expr .)
    AND             reduce using rule 41 (expr -> expr LESS expr .)
    OR              reduce using rule 41 (expr -> expr LESS expr .)
    GREATER         reduce using rule 41 (expr -> expr LESS expr .)
    LESS            reduce using rule 41 (expr -> expr LESS expr .)
    LESS_EQUAL      reduce using rule 41 (expr -> expr LESS expr .)
    GREATER_EQUAL   reduce using rule 41 (expr -> expr LESS expr .)
    EQUAL           reduce using rule 41 (expr -> expr LESS expr .)
    NOT_EQUAL       reduce using rule 41 (expr -> expr LESS expr .)
    XOR             reduce using rule 41 (expr -> expr LESS expr .)
    DEFINE          reduce using rule 41 (expr -> expr LESS expr .)
    BREAK           reduce using rule 41 (expr -> expr LESS expr .)
    FOR             reduce using rule 41 (expr -> expr LESS expr .)
    IF              reduce using rule 41 (expr -> expr LESS expr .)
    ID              reduce using rule 41 (expr -> expr LESS expr .)
    NOT             reduce using rule 41 (expr -> expr LESS expr .)
    BITWISE_NOT     reduce using rule 41 (expr -> expr LESS expr .)
    LPAREN          reduce using rule 41 (expr -> expr LESS expr .)
    NUMBER          reduce using rule 41 (expr -> expr LESS expr .)
    $end            reduce using rule 41 (expr -> expr LESS expr .)
    RPAREN          reduce using rule 41 (expr -> expr LESS expr .)
    THEN            reduce using rule 41 (expr -> expr LESS expr .)
    FI              reduce using rule 41 (expr -> expr LESS expr .)
    COMMA           reduce using rule 41 (expr -> expr LESS expr .)
    RBRACE          reduce using rule 41 (expr -> expr LESS expr .)
    COLON           reduce using rule 41 (expr -> expr LESS expr .)
    ELSE            reduce using rule 41 (expr -> expr LESS expr .)
    ELSEIF          reduce using rule 41 (expr -> expr LESS expr .)
    ENDFOR          reduce using rule 41 (expr -> expr LESS expr .)
    LBRACE          shift and go to state 20
    PLUS            shift and go to state 25
    MINUS           shift and go to state 26
    TIMES           shift and go to state 27
    DIV             shift and go to state 28
    MOD             shift and go to state 29
    LSHIFT          shift and go to state 32
    RSHIFT          shift and go to state 33
    LSHIFT_LOGICAL  shift and go to state 34
    RSHIFT_LOGICAL  shift and go to state 35

  ! LBRACE          [ reduce using rule 41 (expr -> expr LESS expr .) ]
  ! PLUS            [ reduce using rule 41 (expr -> expr LESS expr .) ]
  ! MINUS           [ reduce using rule 41 (expr -> expr LESS expr .) ]
  ! TIMES           [ reduce using rule 41 (expr -> expr LESS expr .) ]
  ! DIV             [ reduce using rule 41 (expr -> expr LESS expr .) ]
  ! MOD             [ reduce using rule 41 (expr -> expr LESS expr .) ]
  ! LSHIFT          [ reduce using rule 41 (expr -> expr LESS expr .) ]
  ! RSHIFT          [ reduce using rule 41 (expr -> expr LESS expr .) ]
  ! LSHIFT_LOGICAL  [ reduce using rule 41 (expr -> expr LESS expr .) ]
  ! RSHIFT_LOGICAL  [ reduce using rule 41 (expr -> expr LESS expr .) ]
  ! UPDATE          [ shift and go to state 18 ]
  ! PLUS_EQUAL      [ shift and go to state 19 ]
  ! QUEST           [ shift and go to state 21 ]
  ! BITWISE_AND     [ shift and go to state 22 ]
  ! BITWISE_OR      [ shift and go to state 23 ]
  ! OP              [ shift and go to state 24 ]
  ! AND             [ shift and go to state 30 ]
  ! OR              [ shift and go to state 31 ]
  ! GREATER         [ shift and go to state 36 ]
  ! LESS            [ shift and go to state 37 ]
  ! LESS_EQUAL      [ shift and go to state 38 ]
  ! GREATER_EQUAL   [ shift and go to state 39 ]
  ! EQUAL           [ shift and go to state 40 ]
  ! NOT_EQUAL       [ shift and go to state 41 ]
  ! XOR             [ shift and go to state 42 ]


state 73

    (42) expr -> expr LESS_EQUAL expr .
    (6) expr -> expr . UPDATE expr
    (7) expr -> expr . PLUS_EQUAL expr
    (20) expr -> expr . LBRACE expr RBRACE
    (21) expr -> expr . LBRACE expr COLON expr RBRACE
    (22) expr -> expr . QUEST expr COLON expr
    (26) expr -> expr . BITWISE_AND expr
    (27) expr -> expr . BITWISE_OR expr
    (28) expr -> expr . OP expr
    (29) expr -> expr . PLUS expr
    (30) expr -> expr . MINUS expr
    (31) expr -> expr . TIMES expr
    (32) expr -> expr . DIV expr
    (33) expr -> expr . MOD expr
    (34) expr -> expr . AND expr
    (35) expr -> expr . OR expr
    (36) expr -> expr . LSHIFT expr
    (37) expr -> expr . RSHIFT expr
    (38) expr -> expr . LSHIFT_LOGICAL expr
    (39) expr -> expr . RSHIFT_LOGICAL expr
    (40) expr -> expr . GREATER expr
    (41) expr -> expr . LESS expr
    (42) expr -> expr . LESS_EQUAL expr
    (43) expr -> expr . GREATER_EQUAL expr
    (44) expr -> expr . EQUAL expr
    (45) expr -> expr . NOT_EQUAL expr
    (46) expr -> expr . XOR expr

    UPDATE          reduce using rule 42 (expr -> expr LESS_EQUAL expr .)
    PLUS_EQUAL      reduce using rule 42 (expr -> expr LESS_EQUAL expr .)
    QUEST           reduce using rule 42 (expr -> expr LESS_EQUAL expr .)
    BITWISE_AND     reduce using rule 42 (expr -> expr LESS_EQUAL expr .)
    BITWISE_OR      reduce using rule 42 (expr -> expr LESS_EQUAL expr .)
    OP              reduce using rule 42 (expr -> expr LESS_EQUAL expr .)
    AND             reduce using rule 42 (expr -> expr LESS_EQUAL expr .)
    OR              reduce using rule 42 (expr -> expr LESS_EQUAL expr .)
    GREATER         reduce using rule 42 (expr -> expr LESS_EQUAL expr .)
    LESS            reduce using rule 42 (expr -> expr LESS_EQUAL expr .)
    LESS_EQUAL      reduce using rule 42 (expr -> expr LESS_EQUAL expr .)
    GREATER_EQUAL   reduce using rule 42 (expr -> expr LESS_EQUAL expr .)
    EQUAL           reduce using rule 42 (expr -> expr LESS_EQUAL expr .)
    NOT_EQUAL       reduce using rule 42 (expr -> expr LESS_EQUAL expr .)
    XOR             reduce using rule 42 (expr -> expr LESS_EQUAL expr .)
    DEFINE          reduce using rule 42 (expr -> expr LESS_EQUAL expr .)
    BREAK           reduce using rule 42 (expr -> expr LESS_EQUAL expr .)
    FOR             reduce using rule 42 (expr -> expr LESS_EQUAL expr .)
    IF              reduce using rule 42 (expr -> expr LESS_EQUAL expr .)
    ID              reduce using rule 42 (expr -> expr LESS_EQUAL expr .)
    NOT             reduce using rule 42 (expr -> expr LESS_EQUAL expr .)
    BITWISE_NOT     reduce using rule 42 (expr -> expr LESS_EQUAL expr .)
    LPAREN          reduce using rule 42 (expr -> expr LESS_EQUAL expr .)
    NUMBER          reduce using rule 42 (expr -> expr LESS_EQUAL expr .)
    $end            reduce using rule 42 (expr -> expr LESS_EQUAL expr .)
    RPAREN          reduce using rule 42 (expr -> expr LESS_EQUAL expr .)
    THEN            reduce using rule 42 (expr -> expr LESS_EQUAL expr .)
    FI              reduce using rule 42 (expr -> expr LESS_EQUAL expr .)
    COMMA           reduce using rule 42 (expr -> expr LESS_EQUAL expr .)
    RBRACE          reduce using rule 42 (expr -> expr LESS_EQUAL expr .)
    COLON           reduce using rule 42 (expr -> expr LESS_EQUAL expr .)
    ELSE            reduce using rule 42 (expr -> expr LESS_EQUAL expr .)
    ELSEIF          reduce using rule 42 (expr -> expr LESS_EQUAL expr .)
    ENDFOR          reduce using rule 42 (expr -> expr LESS_EQUAL expr .)
    LBRACE          shift and go to state 20
    PLUS            shift and go to state 25
    MINUS           shift and go to state 26
    TIMES           shift and go to state 27
    DIV             shift and go to state 28
    MOD             shift and go to state 29
    LSHIFT          shift and go to state 32
    RSHIFT          shift and go to state 33
    LSHIFT_LOGICAL  shift and go to state 34
    RSHIFT_LOGICAL  shift and go to state 35

  ! LBRACE          [ reduce using rule 42 (expr -> expr LESS_EQUAL expr .) ]
  ! PLUS            [ reduce using rule 42 (expr -> expr LESS_EQUAL expr .) ]
  ! MINUS           [ reduce using rule 42 (expr -> expr LESS_EQUAL expr .) ]
  ! TIMES           [ reduce using rule 42 (expr -> expr LESS_EQUAL expr .) ]
  ! DIV             [ reduce using rule 42 (expr -> expr LESS_EQUAL expr .) ]
  ! MOD             [ reduce using rule 42 (expr -> expr LESS_EQUAL expr .) ]
  ! LSHIFT          [ reduce using rule 42 (expr -> expr LESS_EQUAL expr .) ]
  ! RSHIFT          [ reduce using rule 42 (expr -> expr LESS_EQUAL expr .) ]
  ! LSHIFT_LOGICAL  [ reduce using rule 42 (expr -> expr LESS_EQUAL expr .) ]
  ! RSHIFT_LOGICAL  [ reduce using rule 42 (expr -> expr LESS_EQUAL expr .) ]
  ! UPDATE          [ shift and go to state 18 ]
  ! PLUS_EQUAL      [ shift and go to state 19 ]
  ! QUEST           [ shift and go to state 21 ]
  ! BITWISE_AND     [ shift and go to state 22 ]
  ! BITWISE_OR      [ shift and go to state 23 ]
  ! OP              [ shift and go to state 24 ]
  ! AND             [ shift and go to state 30 ]
  ! OR              [ shift and go to state 31 ]
  ! GREATER         [ shift and go to state 36 ]
  ! LESS            [ shift and go to state 37 ]
  ! LESS_EQUAL      [ shift and go to state 38 ]
  ! GREATER_EQUAL   [ shift and go to state 39 ]
  ! EQUAL           [ shift and go to state 40 ]
  ! NOT_EQUAL       [ shift and go to state 41 ]
  ! XOR             [ shift and go to state 42 ]


state 74

    (43) expr -> expr GREATER_EQUAL expr .
    (6) expr -> expr . UPDATE expr
    (7) expr -> expr . PLUS_EQUAL expr
    (20) expr -> expr . LBRACE expr RBRACE
    (21) expr -> expr . LBRACE expr COLON expr RBRACE
    (22) expr -> expr . QUEST expr COLON expr
    (26) expr -> expr . BITWISE_AND expr
    (27) expr -> expr . BITWISE_OR expr
    (28) expr -> expr . OP expr
    (29) expr -> expr . PLUS expr
    (30) expr -> expr . MINUS expr
    (31) expr -> expr . TIMES expr
    (32) expr -> expr . DIV expr
    (33) expr -> expr . MOD expr
    (34) expr -> expr . AND expr
    (35) expr -> expr . OR expr
    (36) expr -> expr . LSHIFT expr
    (37) expr -> expr . RSHIFT expr
    (38) expr -> expr . LSHIFT_LOGICAL expr
    (39) expr -> expr . RSHIFT_LOGICAL expr
    (40) expr -> expr . GREATER expr
    (41) expr -> expr . LESS expr
    (42) expr -> expr . LESS_EQUAL expr
    (43) expr -> expr . GREATER_EQUAL expr
    (44) expr -> expr . EQUAL expr
    (45) expr -> expr . NOT_EQUAL expr
    (46) expr -> expr . XOR expr

    UPDATE          reduce using rule 43 (expr -> expr GREATER_EQUAL expr .)
    PLUS_EQUAL      reduce using rule 43 (expr -> expr GREATER_EQUAL expr .)
    QUEST           reduce using rule 43 (expr -> expr GREATER_EQUAL expr .)
    BITWISE_AND     reduce using rule 43 (expr -> expr GREATER_EQUAL expr .)
    BITWISE_OR      reduce using rule 43 (expr -> expr GREATER_EQUAL expr .)
    OP              reduce using rule 43 (expr -> expr GREATER_EQUAL expr .)
    AND             reduce using rule 43 (expr -> expr GREATER_EQUAL expr .)
    OR              reduce using rule 43 (expr -> expr GREATER_EQUAL expr .)
    GREATER         reduce using rule 43 (expr -> expr GREATER_EQUAL expr .)
    LESS            reduce using rule 43 (expr -> expr GREATER_EQUAL expr .)
    LESS_EQUAL      reduce using rule 43 (expr -> expr GREATER_EQUAL expr .)
    GREATER_EQUAL   reduce using rule 43 (expr -> expr GREATER_EQUAL expr .)
    EQUAL           reduce using rule 43 (expr -> expr GREATER_EQUAL expr .)
    NOT_EQUAL       reduce using rule 43 (expr -> expr GREATER_EQUAL expr .)
    XOR             reduce using rule 43 (expr -> expr GREATER_EQUAL expr .)
    DEFINE          reduce using rule 43 (expr -> expr GREATER_EQUAL expr .)
    BREAK           reduce using rule 43 (expr -> expr GREATER_EQUAL expr .)
    FOR             reduce using rule 43 (expr -> expr GREATER_EQUAL expr .)
    IF              reduce using rule 43 (expr -> expr GREATER_EQUAL expr .)
    ID              reduce using rule 43 (expr -> expr GREATER_EQUAL expr .)
    NOT             reduce using rule 43 (expr -> expr GREATER_EQUAL expr .)
    BITWISE_NOT     reduce using rule 43 (expr -> expr GREATER_EQUAL expr .)
    LPAREN          reduce using rule 43 (expr -> expr GREATER_EQUAL expr .)
    NUMBER          reduce using rule 43 (expr -> expr GREATER_EQUAL expr .)
    $end            reduce using rule 43 (expr -> expr GREATER_EQUAL expr .)
    RPAREN          reduce using rule 43 (expr -> expr GREATER_EQUAL expr .)
    THEN            reduce using rule 43 (expr -> expr GREATER_EQUAL expr .)
    FI              reduce using rule 43 (expr -> expr GREATER_EQUAL expr .)
    COMMA           reduce using rule 43 (expr -> expr GREATER_EQUAL expr .)
    RBRACE          reduce using rule 43 (expr -> expr GREATER_EQUAL expr .)
    COLON           reduce using rule 43 (expr -> expr GREATER_EQUAL expr .)
    ELSE            reduce using rule 43 (expr -> expr GREATER_EQUAL expr .)
    ELSEIF          reduce using rule 43 (expr -> expr GREATER_EQUAL expr .)
    ENDFOR          reduce using rule 43 (expr -> expr GREATER_EQUAL expr .)
    LBRACE          shift and go to state 20
    PLUS            shift and go to state 25
    MINUS           shift and go to state 26
    TIMES           shift and go to state 27
    DIV             shift and go to state 28
    MOD             shift and go to state 29
    LSHIFT          shift and go to state 32
    RSHIFT          shift and go to state 33
    LSHIFT_LOGICAL  shift and go to state 34
    RSHIFT_LOGICAL  shift and go to state 35

  ! LBRACE          [ reduce using rule 43 (expr -> expr GREATER_EQUAL expr .) ]
  ! PLUS            [ reduce using rule 43 (expr -> expr GREATER_EQUAL expr .) ]
  ! MINUS           [ reduce using rule 43 (expr -> expr GREATER_EQUAL expr .) ]
  ! TIMES           [ reduce using rule 43 (expr -> expr GREATER_EQUAL expr .) ]
  ! DIV             [ reduce using rule 43 (expr -> expr GREATER_EQUAL expr .) ]
  ! MOD             [ reduce using rule 43 (expr -> expr GREATER_EQUAL expr .) ]
  ! LSHIFT          [ reduce using rule 43 (expr -> expr GREATER_EQUAL expr .) ]
  ! RSHIFT          [ reduce using rule 43 (expr -> expr GREATER_EQUAL expr .) ]
  ! LSHIFT_LOGICAL  [ reduce using rule 43 (expr -> expr GREATER_EQUAL expr .) ]
  ! RSHIFT_LOGICAL  [ reduce using rule 43 (expr -> expr GREATER_EQUAL expr .) ]
  ! UPDATE          [ shift and go to state 18 ]
  ! PLUS_EQUAL      [ shift and go to state 19 ]
  ! QUEST           [ shift and go to state 21 ]
  ! BITWISE_AND     [ shift and go to state 22 ]
  ! BITWISE_OR      [ shift and go to state 23 ]
  ! OP              [ shift and go to state 24 ]
  ! AND             [ shift and go to state 30 ]
  ! OR              [ shift and go to state 31 ]
  ! GREATER         [ shift and go to state 36 ]
  ! LESS            [ shift and go to state 37 ]
  ! LESS_EQUAL      [ shift and go to state 38 ]
  ! GREATER_EQUAL   [ shift and go to state 39 ]
  ! EQUAL           [ shift and go to state 40 ]
  ! NOT_EQUAL       [ shift and go to state 41 ]
  ! XOR             [ shift and go to state 42 ]


state 75

    (44) expr -> expr EQUAL expr .
    (6) expr -> expr . UPDATE expr
    (7) expr -> expr . PLUS_EQUAL expr
    (20) expr -> expr . LBRACE expr RBRACE
    (21) expr -> expr . LBRACE expr COLON expr RBRACE
    (22) expr -> expr . QUEST expr COLON expr
    (26) expr -> expr . BITWISE_AND expr
    (27) expr -> expr . BITWISE_OR expr
    (28) expr -> expr . OP expr
    (29) expr -> expr . PLUS expr
    (30) expr -> expr . MINUS expr
    (31) expr -> expr . TIMES expr
    (32) expr -> expr . DIV expr
    (33) expr -> expr . MOD expr
    (34) expr -> expr . AND expr
    (35) expr -> expr . OR expr
    (36) expr -> expr . LSHIFT expr
    (37) expr -> expr . RSHIFT expr
    (38) expr -> expr . LSHIFT_LOGICAL expr
    (39) expr -> expr . RSHIFT_LOGICAL expr
    (40) expr -> expr . GREATER expr
    (41) expr -> expr . LESS expr
    (42) expr -> expr . LESS_EQUAL expr
    (43) expr -> expr . GREATER_EQUAL expr
    (44) expr -> expr . EQUAL expr
    (45) expr -> expr . NOT_EQUAL expr
    (46) expr -> expr . XOR expr

    UPDATE          reduce using rule 44 (expr -> expr EQUAL expr .)
    PLUS_EQUAL      reduce using rule 44 (expr -> expr EQUAL expr .)
    QUEST           reduce using rule 44 (expr -> expr EQUAL expr .)
    BITWISE_AND     reduce using rule 44 (expr -> expr EQUAL expr .)
    BITWISE_OR      reduce using rule 44 (expr -> expr EQUAL expr .)
    OP              reduce using rule 44 (expr -> expr EQUAL expr .)
    AND             reduce using rule 44 (expr -> expr EQUAL expr .)
    OR              reduce using rule 44 (expr -> expr EQUAL expr .)
    EQUAL           reduce using rule 44 (expr -> expr EQUAL expr .)
    NOT_EQUAL       reduce using rule 44 (expr -> expr EQUAL expr .)
    XOR             reduce using rule 44 (expr -> expr EQUAL expr .)
    DEFINE          reduce using rule 44 (expr -> expr EQUAL expr .)
    BREAK           reduce using rule 44 (expr -> expr EQUAL expr .)
    FOR             reduce using rule 44 (expr -> expr EQUAL expr .)
    IF              reduce using rule 44 (expr -> expr EQUAL expr .)
    ID              reduce using rule 44 (expr -> expr EQUAL expr .)
    NOT             reduce using rule 44 (expr -> expr EQUAL expr .)
    BITWISE_NOT     reduce using rule 44 (expr -> expr EQUAL expr .)
    LPAREN          reduce using rule 44 (expr -> expr EQUAL expr .)
    NUMBER          reduce using rule 44 (expr -> expr EQUAL expr .)
    $end            reduce using rule 44 (expr -> expr EQUAL expr .)
    RPAREN          reduce using rule 44 (expr -> expr EQUAL expr .)
    THEN            reduce using rule 44 (expr -> expr EQUAL expr .)
    FI              reduce using rule 44 (expr -> expr EQUAL expr .)
    COMMA           reduce using rule 44 (expr -> expr EQUAL expr .)
    RBRACE          reduce using rule 44 (expr -> expr EQUAL expr .)
    COLON           reduce using rule 44 (expr -> expr EQUAL expr .)
    ELSE            reduce using rule 44 (expr -> expr EQUAL expr .)
    ELSEIF          reduce using rule 44 (expr -> expr EQUAL expr .)
    ENDFOR          reduce using rule 44 (expr -> expr EQUAL expr .)
    LBRACE          shift and go to state 20
    PLUS            shift and go to state 25
    MINUS           shift and go to state 26
    TIMES           shift and go to state 27
    DIV             shift and go to state 28
    MOD             shift and go to state 29
    LSHIFT          shift and go to state 32
    RSHIFT          shift and go to state 33
    LSHIFT_LOGICAL  shift and go to state 34
    RSHIFT_LOGICAL  shift and go to state 35
    GREATER         shift and go to state 36
    LESS            shift and go to state 37
    LESS_EQUAL      shift and go to state 38
    GREATER_EQUAL   shift and go to state 39

  ! LBRACE          [ reduce using rule 44 (expr -> expr EQUAL expr .) ]
  ! PLUS            [ reduce using rule 44 (expr -> expr EQUAL expr .) ]
  ! MINUS           [ reduce using rule 44 (expr -> expr EQUAL expr .) ]
  ! TIMES           [ reduce using rule 44 (expr -> expr EQUAL expr .) ]
  ! DIV             [ reduce using rule 44 (expr -> expr EQUAL expr .) ]
  ! MOD             [ reduce using rule 44 (expr -> expr EQUAL expr .) ]
  ! LSHIFT          [ reduce using rule 44 (expr -> expr EQUAL expr .) ]
  ! RSHIFT          [ reduce using rule 44 (expr -> expr EQUAL expr .) ]
  ! LSHIFT_LOGICAL  [ reduce using rule 44 (expr -> expr EQUAL expr .) ]
  ! RSHIFT_LOGICAL  [ reduce using rule 44 (expr -> expr EQUAL expr .) ]
  ! GREATER         [ reduce using rule 44 (expr -> expr EQUAL expr .) ]
  ! LESS            [ reduce using rule 44 (expr -> expr EQUAL expr .) ]
  ! LESS_EQUAL      [ reduce using rule 44 (expr -> expr EQUAL expr .) ]
  ! GREATER_EQUAL   [ reduce using rule 44 (expr -> expr EQUAL expr .) ]
  ! UPDATE          [ shift and go to state 18 ]
  ! PLUS_EQUAL      [ shift and go to state 19 ]
  ! QUEST           [ shift and go to state 21 ]
  ! BITWISE_AND     [ shift and go to state 22 ]
  ! BITWISE_OR      [ shift and go to state 23 ]
  ! OP              [ shift and go to state 24 ]
  ! AND             [ shift and go to state 30 ]
  ! OR              [ shift and go to state 31 ]
  ! EQUAL           [ shift and go to state 40 ]
  ! NOT_EQUAL       [ shift and go to state 41 ]
  ! XOR             [ shift and go to state 42 ]


state 76

    (45) expr -> expr NOT_EQUAL expr .
    (6) expr -> expr . UPDATE expr
    (7) expr -> expr . PLUS_EQUAL expr
    (20) expr -> expr . LBRACE expr RBRACE
    (21) expr -> expr . LBRACE expr COLON expr RBRACE
    (22) expr -> expr . QUEST expr COLON expr
    (26) expr -> expr . BITWISE_AND expr
    (27) expr -> expr . BITWISE_OR expr
    (28) expr -> expr . OP expr
    (29) expr -> expr . PLUS expr
    (30) expr -> expr . MINUS expr
    (31) expr -> expr . TIMES expr
    (32) expr -> expr . DIV expr
    (33) expr -> expr . MOD expr
    (34) expr -> expr . AND expr
    (35) expr -> expr . OR expr
    (36) expr -> expr . LSHIFT expr
    (37) expr -> expr . RSHIFT expr
    (38) expr -> expr . LSHIFT_LOGICAL expr
    (39) expr -> expr . RSHIFT_LOGICAL expr
    (40) expr -> expr . GREATER expr
    (41) expr -> expr . LESS expr
    (42) expr -> expr . LESS_EQUAL expr
    (43) expr -> expr . GREATER_EQUAL expr
    (44) expr -> expr . EQUAL expr
    (45) expr -> expr . NOT_EQUAL expr
    (46) expr -> expr . XOR expr

    UPDATE          reduce using rule 45 (expr -> expr NOT_EQUAL expr .)
    PLUS_EQUAL      reduce using rule 45 (expr -> expr NOT_EQUAL expr .)
    QUEST           reduce using rule 45 (expr -> expr NOT_EQUAL expr .)
    BITWISE_AND     reduce using rule 45 (expr -> expr NOT_EQUAL expr .)
    BITWISE_OR      reduce using rule 45 (expr -> expr NOT_EQUAL expr .)
    OP              reduce using rule 45 (expr -> expr NOT_EQUAL expr .)
    AND             reduce using rule 45 (expr -> expr NOT_EQUAL expr .)
    OR              reduce using rule 45 (expr -> expr NOT_EQUAL expr .)
    EQUAL           reduce using rule 45 (expr -> expr NOT_EQUAL expr .)
    NOT_EQUAL       reduce using rule 45 (expr -> expr NOT_EQUAL expr .)
    XOR             reduce using rule 45 (expr -> expr NOT_EQUAL expr .)
    DEFINE          reduce using rule 45 (expr -> expr NOT_EQUAL expr .)
    BREAK           reduce using rule 45 (expr -> expr NOT_EQUAL expr .)
    FOR             reduce using rule 45 (expr -> expr NOT_EQUAL expr .)
    IF              reduce using rule 45 (expr -> expr NOT_EQUAL expr .)
    ID              reduce using rule 45 (expr -> expr NOT_EQUAL expr .)
    NOT             reduce using rule 45 (expr -> expr NOT_EQUAL expr .)
    BITWISE_NOT     reduce using rule 45 (expr -> expr NOT_EQUAL expr .)
    LPAREN          reduce using rule 45 (expr -> expr NOT_EQUAL expr .)
    NUMBER          reduce using rule 45 (expr -> expr NOT_EQUAL expr .)
    $end            reduce using rule 45 (expr -> expr NOT_EQUAL expr .)
    RPAREN          reduce using rule 45 (expr -> expr NOT_EQUAL expr .)
    THEN            reduce using rule 45 (expr -> expr NOT_EQUAL expr .)
    FI              reduce using rule 45 (expr -> expr NOT_EQUAL expr .)
    COMMA           reduce using rule 45 (expr -> expr NOT_EQUAL expr .)
    RBRACE          reduce using rule 45 (expr -> expr NOT_EQUAL expr .)
    COLON           reduce using rule 45 (expr -> expr NOT_EQUAL expr .)
    ELSE            reduce using rule 45 (expr -> expr NOT_EQUAL expr .)
    ELSEIF          reduce using rule 45 (expr -> expr NOT_EQUAL expr .)
    ENDFOR          reduce using rule 45 (expr -> expr NOT_EQUAL expr .)
    LBRACE          shift and go to state 20
    PLUS            shift and go to state 25
    MINUS           shift and go to state 26
    TIMES           shift and go to state 27
    DIV             shift and go to state 28
    MOD             shift and go to state 29
    LSHIFT          shift and go to state 32
    RSHIFT          shift and go to state 33
    LSHIFT_LOGICAL  shift and go to state 34
    RSHIFT_LOGICAL  shift and go to state 35
    GREATER         shift and go to state 36
    LESS            shift and go to state 37
    LESS_EQUAL      shift and go to state 38
    GREATER_EQUAL   shift and go to state 39

  ! LBRACE          [ reduce using rule 45 (expr -> expr NOT_EQUAL expr .) ]
  ! PLUS            [ reduce using rule 45 (expr -> expr NOT_EQUAL expr .) ]
  ! MINUS           [ reduce using rule 45 (expr -> expr NOT_EQUAL expr .) ]
  ! TIMES           [ reduce using rule 45 (expr -> expr NOT_EQUAL expr .) ]
  ! DIV             [ reduce using rule 45 (expr -> expr NOT_EQUAL expr .) ]
  ! MOD             [ reduce using rule 45 (expr -> expr NOT_EQUAL expr .) ]
  ! LSHIFT          [ reduce using rule 45 (expr -> expr NOT_EQUAL expr .) ]
  ! RSHIFT          [ reduce using rule 45 (expr -> expr NOT_EQUAL expr .) ]
  ! LSHIFT_LOGICAL  [ reduce using rule 45 (expr -> expr NOT_EQUAL expr .) ]
  ! RSHIFT_LOGICAL  [ reduce using rule 45 (expr -> expr NOT_EQUAL expr .) ]
  ! GREATER         [ reduce using rule 45 (expr -> expr NOT_EQUAL expr .) ]
  ! LESS            [ reduce using rule 45 (expr -> expr NOT_EQUAL expr .) ]
  ! LESS_EQUAL      [ reduce using rule 45 (expr -> expr NOT_EQUAL expr .) ]
  ! GREATER_EQUAL   [ reduce using rule 45 (expr -> expr NOT_EQUAL expr .) ]
  ! UPDATE          [ shift and go to state 18 ]
  ! PLUS_EQUAL      [ shift and go to state 19 ]
  ! QUEST           [ shift and go to state 21 ]
  ! BITWISE_AND     [ shift and go to state 22 ]
  ! BITWISE_OR      [ shift and go to state 23 ]
  ! OP              [ shift and go to state 24 ]
  ! AND             [ shift and go to state 30 ]
  ! OR              [ shift and go to state 31 ]
  ! EQUAL           [ shift and go to state 40 ]
  ! NOT_EQUAL       [ shift and go to state 41 ]
  ! XOR             [ shift and go to state 42 ]


state 77

    (46) expr -> expr XOR expr .
    (6) expr -> expr . UPDATE expr
    (7) expr -> expr . PLUS_EQUAL expr
    (20) expr -> expr . LBRACE expr RBRACE
    (21) expr -> expr . LBRACE expr COLON expr RBRACE
    (22) expr -> expr . QUEST expr COLON expr
    (26) expr -> expr . BITWISE_AND expr
    (27) expr -> expr . BITWISE_OR expr
    (28) expr -> expr . OP expr
    (29) expr -> expr . PLUS expr
    (30) expr -> expr . MINUS expr
    (31) expr -> expr . TIMES expr
    (32) expr -> expr . DIV expr
    (33) expr -> expr . MOD expr
    (34) expr -> expr . AND expr
    (35) expr -> expr . OR expr
    (36) expr -> expr . LSHIFT expr
    (37) expr -> expr . RSHIFT expr
    (38) expr -> expr . LSHIFT_LOGICAL expr
    (39) expr -> expr . RSHIFT_LOGICAL expr
    (40) expr -> expr . GREATER expr
    (41) expr -> expr . LESS expr
    (42) expr -> expr . LESS_EQUAL expr
    (43) expr -> expr . GREATER_EQUAL expr
    (44) expr -> expr . EQUAL expr
    (45) expr -> expr . NOT_EQUAL expr
    (46) expr -> expr . XOR expr

    UPDATE          reduce using rule 46 (expr -> expr XOR expr .)
    PLUS_EQUAL      reduce using rule 46 (expr -> expr XOR expr .)
    QUEST           reduce using rule 46 (expr -> expr XOR expr .)
    BITWISE_AND     reduce using rule 46 (expr -> expr XOR expr .)
    BITWISE_OR      reduce using rule 46 (expr -> expr XOR expr .)
    OP              reduce using rule 46 (expr -> expr XOR expr .)
    AND             reduce using rule 46 (expr -> expr XOR expr .)
    OR              reduce using rule 46 (expr -> expr XOR expr .)
    XOR             reduce using rule 46 (expr -> expr XOR expr .)
    DEFINE          reduce using rule 46 (expr -> expr XOR expr .)
    BREAK           reduce using rule 46 (expr -> expr XOR expr .)
    FOR             reduce using rule 46 (expr -> expr XOR expr .)
    IF              reduce using rule 46 (expr -> expr XOR expr .)
    ID              reduce using rule 46 (expr -> expr XOR expr .)
    NOT             reduce using rule 46 (expr -> expr XOR expr .)
    BITWISE_NOT     reduce using rule 46 (expr -> expr XOR expr .)
    LPAREN          reduce using rule 46 (expr -> expr XOR expr .)
    NUMBER          reduce using rule 46 (expr -> expr XOR expr .)
    $end            reduce using rule 46 (expr -> expr XOR expr .)
    RPAREN          reduce using rule 46 (expr -> expr XOR expr .)
    THEN            reduce using rule 46 (expr -> expr XOR expr .)
    FI              reduce using rule 46 (expr -> expr XOR expr .)
    COMMA           reduce using rule 46 (expr -> expr XOR expr .)
    RBRACE          reduce using rule 46 (expr -> expr XOR expr .)
    COLON           reduce using rule 46 (expr -> expr XOR expr .)
    ELSE            reduce using rule 46 (expr -> expr XOR expr .)
    ELSEIF          reduce using rule 46 (expr -> expr XOR expr .)
    ENDFOR          reduce using rule 46 (expr -> expr XOR expr .)
    LBRACE          shift and go to state 20
    PLUS            shift and go to state 25
    MINUS           shift and go to state 26
    TIMES           shift and go to state 27
    DIV             shift and go to state 28
    MOD             shift and go to state 29
    LSHIFT          shift and go to state 32
    RSHIFT          shift and go to state 33
    LSHIFT_LOGICAL  shift and go to state 34
    RSHIFT_LOGICAL  shift and go to state 35
    GREATER         shift and go to state 36
    LESS            shift and go to state 37
    LESS_EQUAL      shift and go to state 38
    GREATER_EQUAL   shift and go to state 39
    EQUAL           shift and go to state 40
    NOT_EQUAL       shift and go to state 41

  ! LBRACE          [ reduce using rule 46 (expr -> expr XOR expr .) ]
  ! PLUS            [ reduce using rule 46 (expr -> expr XOR expr .) ]
  ! MINUS           [ reduce using rule 46 (expr -> expr XOR expr .) ]
  ! TIMES           [ reduce using rule 46 (expr -> expr XOR expr .) ]
  ! DIV             [ reduce using rule 46 (expr -> expr XOR expr .) ]
  ! MOD             [ reduce using rule 46 (expr -> expr XOR expr .) ]
  ! LSHIFT          [ reduce using rule 46 (expr -> expr XOR expr .) ]
  ! RSHIFT          [ reduce using rule 46 (expr -> expr XOR expr .) ]
  ! LSHIFT_LOGICAL  [ reduce using rule 46 (expr -> expr XOR expr .) ]
  ! RSHIFT_LOGICAL  [ reduce using rule 46 (expr -> expr XOR expr .) ]
  ! GREATER         [ reduce using rule 46 (expr -> expr XOR expr .) ]
  ! LESS            [ reduce using rule 46 (expr -> expr XOR expr .) ]
  ! LESS_EQUAL      [ reduce using rule 46 (expr -> expr XOR expr .) ]
  ! GREATER_EQUAL   [ reduce using rule 46 (expr -> expr XOR expr .) ]
  ! EQUAL           [ reduce using rule 46 (expr -> expr XOR expr .) ]
  ! NOT_EQUAL       [ reduce using rule 46 (expr -> expr XOR expr .) ]
  ! UPDATE          [ shift and go to state 18 ]
  ! PLUS_EQUAL      [ shift and go to state 19 ]
  ! QUEST           [ shift and go to state 21 ]
  ! BITWISE_AND     [ shift and go to state 22 ]
  ! BITWISE_OR      [ shift and go to state 23 ]
  ! OP              [ shift and go to state 24 ]
  ! AND             [ shift and go to state 30 ]
  ! OR              [ shift and go to state 31 ]
  ! XOR             [ shift and go to state 42 ]


state 78

    (8) stmt -> FOR ID IN . RANGE LPAREN NUMBER COMMA NUMBER COMMA NUMBER RPAREN COLON stmts ENDFOR

    RANGE           shift and go to state 89


state 79

    (9) stmt -> IF expr THEN . stmts FI
    (10) stmt -> IF expr THEN . stmts ELSE stmts FI
    (12) stmt -> IF expr THEN . stmts ELSEIF expr THEN stmts ELSE stmts FI
    (1) stmts -> . stmt
    (2) stmts -> . stmts stmt
    (3) stmt -> . DEFINE ID LPAREN args RPAREN COLON stmts
    (4) stmt -> . BREAK
    (5) stmt -> . expr
    (8) stmt -> . FOR ID IN RANGE LPAREN NUMBER COMMA NUMBER COMMA NUMBER RPAREN COLON stmts ENDFOR
    (9) stmt -> . IF expr THEN stmts FI
    (10) stmt -> . IF expr THEN stmts ELSE stmts FI
    (11) stmt -> . IF expr FI
    (12) stmt -> . IF expr THEN stmts ELSEIF expr THEN stmts ELSE stmts FI
    (13) stmt -> . IF expr stmts FI
    (14) stmt -> . IF expr stmts ELSE stmts FI
    (15) stmt -> . IF expr stmts ELSE stmts
    (6) expr -> . expr UPDATE expr
    (7) expr -> . expr PLUS_EQUAL expr
    (16) expr -> . ID LPAREN args RPAREN
    (17) expr -> . ID LPAREN RPAREN
    (20) expr -> . expr LBRACE expr RBRACE
    (21) expr -> . expr LBRACE expr COLON expr RBRACE
    (22) expr -> . expr QUEST expr COLON expr
    (23) expr -> . NOT expr
    (24) expr -> . MINUS expr
    (25) expr -> . BITWISE_NOT expr
    (26) expr -> . expr BITWISE_AND expr
    (27) expr -> . expr BITWISE_OR expr
    (28) expr -> . expr OP expr
    (29) expr -> . expr PLUS expr
    (30) expr -> . expr MINUS expr
    (31) expr -> . expr TIMES expr
    (32) expr -> . expr DIV expr
    (33) expr -> . expr MOD expr
    (34) expr -> . expr AND expr
    (35) expr -> . expr OR expr
    (36) expr -> . expr LSHIFT expr
    (37) expr -> . expr RSHIFT expr
    (38) expr -> . expr LSHIFT_LOGICAL expr
    (39) expr -> . expr RSHIFT_LOGICAL expr
    (40) expr -> . expr GREATER expr
    (41) expr -> . expr LESS expr
    (42) expr -> . expr LESS_EQUAL expr
    (43) expr -> . expr GREATER_EQUAL expr
    (44) expr -> . expr EQUAL expr
    (45) expr -> . expr NOT_EQUAL expr
    (46) expr -> . expr XOR expr
    (47) expr -> . LPAREN expr RPAREN
    (48) expr -> . ID
    (49) expr -> . NUMBER

    DEFINE          shift and go to state 3
    BREAK           shift and go to state 6
    FOR             shift and go to state 8
    IF              shift and go to state 10
    ID              shift and go to state 4
    NOT             shift and go to state 11
    MINUS           shift and go to state 12
    BITWISE_NOT     shift and go to state 13
    LPAREN          shift and go to state 5
    NUMBER          shift and go to state 9

    expr                           shift and go to state 7
    stmts                          shift and go to state 90
    stmt                           shift and go to state 2

state 80

    (13) stmt -> IF expr stmts . FI
    (14) stmt -> IF expr stmts . ELSE stmts FI
    (15) stmt -> IF expr stmts . ELSE stmts
    (2) stmts -> stmts . stmt
    (3) stmt -> . DEFINE ID LPAREN args RPAREN COLON stmts
    (4) stmt -> . BREAK
    (5) stmt -> . expr
    (8) stmt -> . FOR ID IN RANGE LPAREN NUMBER COMMA NUMBER COMMA NUMBER RPAREN COLON stmts ENDFOR
    (9) stmt -> . IF expr THEN stmts FI
    (10) stmt -> . IF expr THEN stmts ELSE stmts FI
    (11) stmt -> . IF expr FI
    (12) stmt -> . IF expr THEN stmts ELSEIF expr THEN stmts ELSE stmts FI
    (13) stmt -> . IF expr stmts FI
    (14) stmt -> . IF expr stmts ELSE stmts FI
    (15) stmt -> . IF expr stmts ELSE stmts
    (6) expr -> . expr UPDATE expr
    (7) expr -> . expr PLUS_EQUAL expr
    (16) expr -> . ID LPAREN args RPAREN
    (17) expr -> . ID LPAREN RPAREN
    (20) expr -> . expr LBRACE expr RBRACE
    (21) expr -> . expr LBRACE expr COLON expr RBRACE
    (22) expr -> . expr QUEST expr COLON expr
    (23) expr -> . NOT expr
    (24) expr -> . MINUS expr
    (25) expr -> . BITWISE_NOT expr
    (26) expr -> . expr BITWISE_AND expr
    (27) expr -> . expr BITWISE_OR expr
    (28) expr -> . expr OP expr
    (29) expr -> . expr PLUS expr
    (30) expr -> . expr MINUS expr
    (31) expr -> . expr TIMES expr
    (32) expr -> . expr DIV expr
    (33) expr -> . expr MOD expr
    (34) expr -> . expr AND expr
    (35) expr -> . expr OR expr
    (36) expr -> . expr LSHIFT expr
    (37) expr -> . expr RSHIFT expr
    (38) expr -> . expr LSHIFT_LOGICAL expr
    (39) expr -> . expr RSHIFT_LOGICAL expr
    (40) expr -> . expr GREATER expr
    (41) expr -> . expr LESS expr
    (42) expr -> . expr LESS_EQUAL expr
    (43) expr -> . expr GREATER_EQUAL expr
    (44) expr -> . expr EQUAL expr
    (45) expr -> . expr NOT_EQUAL expr
    (46) expr -> . expr XOR expr
    (47) expr -> . LPAREN expr RPAREN
    (48) expr -> . ID
    (49) expr -> . NUMBER

    FI              shift and go to state 91
    ELSE            shift and go to state 92
    DEFINE          shift and go to state 3
    BREAK           shift and go to state 6
    FOR             shift and go to state 8
    IF              shift and go to state 10
    ID              shift and go to state 4
    NOT             shift and go to state 11
    MINUS           shift and go to state 12
    BITWISE_NOT     shift and go to state 13
    LPAREN          shift and go to state 5
    NUMBER          shift and go to state 9

    expr                           shift and go to state 7
    stmt                           shift and go to state 14

state 81

    (11) stmt -> IF expr FI .

    DEFINE          reduce using rule 11 (stmt -> IF expr FI .)
    BREAK           reduce using rule 11 (stmt -> IF expr FI .)
    FOR             reduce using rule 11 (stmt -> IF expr FI .)
    IF              reduce using rule 11 (stmt -> IF expr FI .)
    ID              reduce using rule 11 (stmt -> IF expr FI .)
    NOT             reduce using rule 11 (stmt -> IF expr FI .)
    MINUS           reduce using rule 11 (stmt -> IF expr FI .)
    BITWISE_NOT     reduce using rule 11 (stmt -> IF expr FI .)
    LPAREN          reduce using rule 11 (stmt -> IF expr FI .)
    NUMBER          reduce using rule 11 (stmt -> IF expr FI .)
    $end            reduce using rule 11 (stmt -> IF expr FI .)
    FI              reduce using rule 11 (stmt -> IF expr FI .)
    ELSE            reduce using rule 11 (stmt -> IF expr FI .)
    ELSEIF          reduce using rule 11 (stmt -> IF expr FI .)
    ENDFOR          reduce using rule 11 (stmt -> IF expr FI .)


state 82

    (30) expr -> expr MINUS . expr
    (24) expr -> MINUS . expr
    (6) expr -> . expr UPDATE expr
    (7) expr -> . expr PLUS_EQUAL expr
    (16) expr -> . ID LPAREN args RPAREN
    (17) expr -> . ID LPAREN RPAREN
    (20) expr -> . expr LBRACE expr RBRACE
    (21) expr -> . expr LBRACE expr COLON expr RBRACE
    (22) expr -> . expr QUEST expr COLON expr
    (23) expr -> . NOT expr
    (24) expr -> . MINUS expr
    (25) expr -> . BITWISE_NOT expr
    (26) expr -> . expr BITWISE_AND expr
    (27) expr -> . expr BITWISE_OR expr
    (28) expr -> . expr OP expr
    (29) expr -> . expr PLUS expr
    (30) expr -> . expr MINUS expr
    (31) expr -> . expr TIMES expr
    (32) expr -> . expr DIV expr
    (33) expr -> . expr MOD expr
    (34) expr -> . expr AND expr
    (35) expr -> . expr OR expr
    (36) expr -> . expr LSHIFT expr
    (37) expr -> . expr RSHIFT expr
    (38) expr -> . expr LSHIFT_LOGICAL expr
    (39) expr -> . expr RSHIFT_LOGICAL expr
    (40) expr -> . expr GREATER expr
    (41) expr -> . expr LESS expr
    (42) expr -> . expr LESS_EQUAL expr
    (43) expr -> . expr GREATER_EQUAL expr
    (44) expr -> . expr EQUAL expr
    (45) expr -> . expr NOT_EQUAL expr
    (46) expr -> . expr XOR expr
    (47) expr -> . LPAREN expr RPAREN
    (48) expr -> . ID
    (49) expr -> . NUMBER

    ID              shift and go to state 4
    NOT             shift and go to state 11
    MINUS           shift and go to state 12
    BITWISE_NOT     shift and go to state 13
    LPAREN          shift and go to state 5
    NUMBER          shift and go to state 9

    expr                           shift and go to state 93

state 83

    (3) stmt -> DEFINE ID LPAREN args . RPAREN COLON stmts
    (19) args -> args . COMMA expr

    RPAREN          shift and go to state 94
    COMMA           shift and go to state 85


state 84

    (16) expr -> ID LPAREN args RPAREN .

    UPDATE          reduce using rule 16 (expr -> ID LPAREN args RPAREN .)
    PLUS_EQUAL      reduce using rule 16 (expr -> ID LPAREN args RPAREN .)
    LBRACE          reduce using rule 16 (expr -> ID LPAREN args RPAREN .)
    QUEST           reduce using rule 16 (expr -> ID LPAREN args RPAREN .)
    BITWISE_AND     reduce using rule 16 (expr -> ID LPAREN args RPAREN .)
    BITWISE_OR      reduce using rule 16 (expr -> ID LPAREN args RPAREN .)
    OP              reduce using rule 16 (expr -> ID LPAREN args RPAREN .)
    PLUS            reduce using rule 16 (expr -> ID LPAREN args RPAREN .)
    MINUS           reduce using rule 16 (expr -> ID LPAREN args RPAREN .)
    TIMES           reduce using rule 16 (expr -> ID LPAREN args RPAREN .)
    DIV             reduce using rule 16 (expr -> ID LPAREN args RPAREN .)
    MOD             reduce using rule 16 (expr -> ID LPAREN args RPAREN .)
    AND             reduce using rule 16 (expr -> ID LPAREN args RPAREN .)
    OR              reduce using rule 16 (expr -> ID LPAREN args RPAREN .)
    LSHIFT          reduce using rule 16 (expr -> ID LPAREN args RPAREN .)
    RSHIFT          reduce using rule 16 (expr -> ID LPAREN args RPAREN .)
    LSHIFT_LOGICAL  reduce using rule 16 (expr -> ID LPAREN args RPAREN .)
    RSHIFT_LOGICAL  reduce using rule 16 (expr -> ID LPAREN args RPAREN .)
    GREATER         reduce using rule 16 (expr -> ID LPAREN args RPAREN .)
    LESS            reduce using rule 16 (expr -> ID LPAREN args RPAREN .)
    LESS_EQUAL      reduce using rule 16 (expr -> ID LPAREN args RPAREN .)
    GREATER_EQUAL   reduce using rule 16 (expr -> ID LPAREN args RPAREN .)
    EQUAL           reduce using rule 16 (expr -> ID LPAREN args RPAREN .)
    NOT_EQUAL       reduce using rule 16 (expr -> ID LPAREN args RPAREN .)
    XOR             reduce using rule 16 (expr -> ID LPAREN args RPAREN .)
    DEFINE          reduce using rule 16 (expr -> ID LPAREN args RPAREN .)
    BREAK           reduce using rule 16 (expr -> ID LPAREN args RPAREN .)
    FOR             reduce using rule 16 (expr -> ID LPAREN args RPAREN .)
    IF              reduce using rule 16 (expr -> ID LPAREN args RPAREN .)
    ID              reduce using rule 16 (expr -> ID LPAREN args RPAREN .)
    NOT             reduce using rule 16 (expr -> ID LPAREN args RPAREN .)
    BITWISE_NOT     reduce using rule 16 (expr -> ID LPAREN args RPAREN .)
    LPAREN          reduce using rule 16 (expr -> ID LPAREN args RPAREN .)
    NUMBER          reduce using rule 16 (expr -> ID LPAREN args RPAREN .)
    $end            reduce using rule 16 (expr -> ID LPAREN args RPAREN .)
    RPAREN          reduce using rule 16 (expr -> ID LPAREN args RPAREN .)
    THEN            reduce using rule 16 (expr -> ID LPAREN args RPAREN .)
    FI              reduce using rule 16 (expr -> ID LPAREN args RPAREN .)
    COMMA           reduce using rule 16 (expr -> ID LPAREN args RPAREN .)
    RBRACE          reduce using rule 16 (expr -> ID LPAREN args RPAREN .)
    COLON           reduce using rule 16 (expr -> ID LPAREN args RPAREN .)
    ELSE            reduce using rule 16 (expr -> ID LPAREN args RPAREN .)
    ELSEIF          reduce using rule 16 (expr -> ID LPAREN args RPAREN .)
    ENDFOR          reduce using rule 16 (expr -> ID LPAREN args RPAREN .)


state 85

    (19) args -> args COMMA . expr
    (6) expr -> . expr UPDATE expr
    (7) expr -> . expr PLUS_EQUAL expr
    (16) expr -> . ID LPAREN args RPAREN
    (17) expr -> . ID LPAREN RPAREN
    (20) expr -> . expr LBRACE expr RBRACE
    (21) expr -> . expr LBRACE expr COLON expr RBRACE
    (22) expr -> . expr QUEST expr COLON expr
    (23) expr -> . NOT expr
    (24) expr -> . MINUS expr
    (25) expr -> . BITWISE_NOT expr
    (26) expr -> . expr BITWISE_AND expr
    (27) expr -> . expr BITWISE_OR expr
    (28) expr -> . expr OP expr
    (29) expr -> . expr PLUS expr
    (30) expr -> . expr MINUS expr
    (31) expr -> . expr TIMES expr
    (32) expr -> . expr DIV expr
    (33) expr -> . expr MOD expr
    (34) expr -> . expr AND expr
    (35) expr -> . expr OR expr
    (36) expr -> . expr LSHIFT expr
    (37) expr -> . expr RSHIFT expr
    (38) expr -> . expr LSHIFT_LOGICAL expr
    (39) expr -> . expr RSHIFT_LOGICAL expr
    (40) expr -> . expr GREATER expr
    (41) expr -> . expr LESS expr
    (42) expr -> . expr LESS_EQUAL expr
    (43) expr -> . expr GREATER_EQUAL expr
    (44) expr -> . expr EQUAL expr
    (45) expr -> . expr NOT_EQUAL expr
    (46) expr -> . expr XOR expr
    (47) expr -> . LPAREN expr RPAREN
    (48) expr -> . ID
    (49) expr -> . NUMBER

    ID              shift and go to state 4
    NOT             shift and go to state 11
    MINUS           shift and go to state 12
    BITWISE_NOT     shift and go to state 13
    LPAREN          shift and go to state 5
    NUMBER          shift and go to state 9

    expr                           shift and go to state 95

state 86

    (20) expr -> expr LBRACE expr RBRACE .

    UPDATE          reduce using rule 20 (expr -> expr LBRACE expr RBRACE .)
    PLUS_EQUAL      reduce using rule 20 (expr -> expr LBRACE expr RBRACE .)
    LBRACE          reduce using rule 20 (expr -> expr LBRACE expr RBRACE .)
    QUEST           reduce using rule 20 (expr -> expr LBRACE expr RBRACE .)
    BITWISE_AND     reduce using rule 20 (expr -> expr LBRACE expr RBRACE .)
    BITWISE_OR      reduce using rule 20 (expr -> expr LBRACE expr RBRACE .)
    OP              reduce using rule 20 (expr -> expr LBRACE expr RBRACE .)
    PLUS            reduce using rule 20 (expr -> expr LBRACE expr RBRACE .)
    MINUS           reduce using rule 20 (expr -> expr LBRACE expr RBRACE .)
    TIMES           reduce using rule 20 (expr -> expr LBRACE expr RBRACE .)
    DIV             reduce using rule 20 (expr -> expr LBRACE expr RBRACE .)
    MOD             reduce using rule 20 (expr -> expr LBRACE expr RBRACE .)
    AND             reduce using rule 20 (expr -> expr LBRACE expr RBRACE .)
    OR              reduce using rule 20 (expr -> expr LBRACE expr RBRACE .)
    LSHIFT          reduce using rule 20 (expr -> expr LBRACE expr RBRACE .)
    RSHIFT          reduce using rule 20 (expr -> expr LBRACE expr RBRACE .)
    LSHIFT_LOGICAL  reduce using rule 20 (expr -> expr LBRACE expr RBRACE .)
    RSHIFT_LOGICAL  reduce using rule 20 (expr -> expr LBRACE expr RBRACE .)
    GREATER         reduce using rule 20 (expr -> expr LBRACE expr RBRACE .)
    LESS            reduce using rule 20 (expr -> expr LBRACE expr RBRACE .)
    LESS_EQUAL      reduce using rule 20 (expr -> expr LBRACE expr RBRACE .)
    GREATER_EQUAL   reduce using rule 20 (expr -> expr LBRACE expr RBRACE .)
    EQUAL           reduce using rule 20 (expr -> expr LBRACE expr RBRACE .)
    NOT_EQUAL       reduce using rule 20 (expr -> expr LBRACE expr RBRACE .)
    XOR             reduce using rule 20 (expr -> expr LBRACE expr RBRACE .)
    DEFINE          reduce using rule 20 (expr -> expr LBRACE expr RBRACE .)
    BREAK           reduce using rule 20 (expr -> expr LBRACE expr RBRACE .)
    FOR             reduce using rule 20 (expr -> expr LBRACE expr RBRACE .)
    IF              reduce using rule 20 (expr -> expr LBRACE expr RBRACE .)
    ID              reduce using rule 20 (expr -> expr LBRACE expr RBRACE .)
    NOT             reduce using rule 20 (expr -> expr LBRACE expr RBRACE .)
    BITWISE_NOT     reduce using rule 20 (expr -> expr LBRACE expr RBRACE .)
    LPAREN          reduce using rule 20 (expr -> expr LBRACE expr RBRACE .)
    NUMBER          reduce using rule 20 (expr -> expr LBRACE expr RBRACE .)
    $end            reduce using rule 20 (expr -> expr LBRACE expr RBRACE .)
    RPAREN          reduce using rule 20 (expr -> expr LBRACE expr RBRACE .)
    THEN            reduce using rule 20 (expr -> expr LBRACE expr RBRACE .)
    FI              reduce using rule 20 (expr -> expr LBRACE expr RBRACE .)
    COMMA           reduce using rule 20 (expr -> expr LBRACE expr RBRACE .)
    RBRACE          reduce using rule 20 (expr -> expr LBRACE expr RBRACE .)
    COLON           reduce using rule 20 (expr -> expr LBRACE expr RBRACE .)
    ELSE            reduce using rule 20 (expr -> expr LBRACE expr RBRACE .)
    ELSEIF          reduce using rule 20 (expr -> expr LBRACE expr RBRACE .)
    ENDFOR          reduce using rule 20 (expr -> expr LBRACE expr RBRACE .)


state 87

    (21) expr -> expr LBRACE expr COLON . expr RBRACE
    (6) expr -> . expr UPDATE expr
    (7) expr -> . expr PLUS_EQUAL expr
    (16) expr -> . ID LPAREN args RPAREN
    (17) expr -> . ID LPAREN RPAREN
    (20) expr -> . expr LBRACE expr RBRACE
    (21) expr -> . expr LBRACE expr COLON expr RBRACE
    (22) expr -> . expr QUEST expr COLON expr
    (23) expr -> . NOT expr
    (24) expr -> . MINUS expr
    (25) expr -> . BITWISE_NOT expr
    (26) expr -> . expr BITWISE_AND expr
    (27) expr -> . expr BITWISE_OR expr
    (28) expr -> . expr OP expr
    (29) expr -> . expr PLUS expr
    (30) expr -> . expr MINUS expr
    (31) expr -> . expr TIMES expr
    (32) expr -> . expr DIV expr
    (33) expr -> . expr MOD expr
    (34) expr -> . expr AND expr
    (35) expr -> . expr OR expr
    (36) expr -> . expr LSHIFT expr
    (37) expr -> . expr RSHIFT expr
    (38) expr -> . expr LSHIFT_LOGICAL expr
    (39) expr -> . expr RSHIFT_LOGICAL expr
    (40) expr -> . expr GREATER expr
    (41) expr -> . expr LESS expr
    (42) expr -> . expr LESS_EQUAL expr
    (43) expr -> . expr GREATER_EQUAL expr
    (44) expr -> . expr EQUAL expr
    (45) expr -> . expr NOT_EQUAL expr
    (46) expr -> . expr XOR expr
    (47) expr -> . LPAREN expr RPAREN
    (48) expr -> . ID
    (49) expr -> . NUMBER

    ID              shift and go to state 4
    NOT             shift and go to state 11
    MINUS           shift and go to state 12
    BITWISE_NOT     shift and go to state 13
    LPAREN          shift and go to state 5
    NUMBER          shift and go to state 9

    expr                           shift and go to state 96

state 88

    (22) expr -> expr QUEST expr COLON . expr
    (6) expr -> . expr UPDATE expr
    (7) expr -> . expr PLUS_EQUAL expr
    (16) expr -> . ID LPAREN args RPAREN
    (17) expr -> . ID LPAREN RPAREN
    (20) expr -> . expr LBRACE expr RBRACE
    (21) expr -> . expr LBRACE expr COLON expr RBRACE
    (22) expr -> . expr QUEST expr COLON expr
    (23) expr -> . NOT expr
    (24) expr -> . MINUS expr
    (25) expr -> . BITWISE_NOT expr
    (26) expr -> . expr BITWISE_AND expr
    (27) expr -> . expr BITWISE_OR expr
    (28) expr -> . expr OP expr
    (29) expr -> . expr PLUS expr
    (30) expr -> . expr MINUS expr
    (31) expr -> . expr TIMES expr
    (32) expr -> . expr DIV expr
    (33) expr -> . expr MOD expr
    (34) expr -> . expr AND expr
    (35) expr -> . expr OR expr
    (36) expr -> . expr LSHIFT expr
    (37) expr -> . expr RSHIFT expr
    (38) expr -> . expr LSHIFT_LOGICAL expr
    (39) expr -> . expr RSHIFT_LOGICAL expr
    (40) expr -> . expr GREATER expr
    (41) expr -> . expr LESS expr
    (42) expr -> . expr LESS_EQUAL expr
    (43) expr -> . expr GREATER_EQUAL expr
    (44) expr -> . expr EQUAL expr
    (45) expr -> . expr NOT_EQUAL expr
    (46) expr -> . expr XOR expr
    (47) expr -> . LPAREN expr RPAREN
    (48) expr -> . ID
    (49) expr -> . NUMBER

    ID              shift and go to state 4
    NOT             shift and go to state 11
    MINUS           shift and go to state 12
    BITWISE_NOT     shift and go to state 13
    LPAREN          shift and go to state 5
    NUMBER          shift and go to state 9

    expr                           shift and go to state 97

state 89

    (8) stmt -> FOR ID IN RANGE . LPAREN NUMBER COMMA NUMBER COMMA NUMBER RPAREN COLON stmts ENDFOR

    LPAREN          shift and go to state 98


state 90

    (9) stmt -> IF expr THEN stmts . FI
    (10) stmt -> IF expr THEN stmts . ELSE stmts FI
    (12) stmt -> IF expr THEN stmts . ELSEIF expr THEN stmts ELSE stmts FI
    (2) stmts -> stmts . stmt
    (3) stmt -> . DEFINE ID LPAREN args RPAREN COLON stmts
    (4) stmt -> . BREAK
    (5) stmt -> . expr
    (8) stmt -> . FOR ID IN RANGE LPAREN NUMBER COMMA NUMBER COMMA NUMBER RPAREN COLON stmts ENDFOR
    (9) stmt -> . IF expr THEN stmts FI
    (10) stmt -> . IF expr THEN stmts ELSE stmts FI
    (11) stmt -> . IF expr FI
    (12) stmt -> . IF expr THEN stmts ELSEIF expr THEN stmts ELSE stmts FI
    (13) stmt -> . IF expr stmts FI
    (14) stmt -> . IF expr stmts ELSE stmts FI
    (15) stmt -> . IF expr stmts ELSE stmts
    (6) expr -> . expr UPDATE expr
    (7) expr -> . expr PLUS_EQUAL expr
    (16) expr -> . ID LPAREN args RPAREN
    (17) expr -> . ID LPAREN RPAREN
    (20) expr -> . expr LBRACE expr RBRACE
    (21) expr -> . expr LBRACE expr COLON expr RBRACE
    (22) expr -> . expr QUEST expr COLON expr
    (23) expr -> . NOT expr
    (24) expr -> . MINUS expr
    (25) expr -> . BITWISE_NOT expr
    (26) expr -> . expr BITWISE_AND expr
    (27) expr -> . expr BITWISE_OR expr
    (28) expr -> . expr OP expr
    (29) expr -> . expr PLUS expr
    (30) expr -> . expr MINUS expr
    (31) expr -> . expr TIMES expr
    (32) expr -> . expr DIV expr
    (33) expr -> . expr MOD expr
    (34) expr -> . expr AND expr
    (35) expr -> . expr OR expr
    (36) expr -> . expr LSHIFT expr
    (37) expr -> . expr RSHIFT expr
    (38) expr -> . expr LSHIFT_LOGICAL expr
    (39) expr -> . expr RSHIFT_LOGICAL expr
    (40) expr -> . expr GREATER expr
    (41) expr -> . expr LESS expr
    (42) expr -> . expr LESS_EQUAL expr
    (43) expr -> . expr GREATER_EQUAL expr
    (44) expr -> . expr EQUAL expr
    (45) expr -> . expr NOT_EQUAL expr
    (46) expr -> . expr XOR expr
    (47) expr -> . LPAREN expr RPAREN
    (48) expr -> . ID
    (49) expr -> . NUMBER

    FI              shift and go to state 99
    ELSE            shift and go to state 100
    ELSEIF          shift and go to state 101
    DEFINE          shift and go to state 3
    BREAK           shift and go to state 6
    FOR             shift and go to state 8
    IF              shift and go to state 10
    ID              shift and go to state 4
    NOT             shift and go to state 11
    MINUS           shift and go to state 12
    BITWISE_NOT     shift and go to state 13
    LPAREN          shift and go to state 5
    NUMBER          shift and go to state 9

    expr                           shift and go to state 7
    stmt                           shift and go to state 14

state 91

    (13) stmt -> IF expr stmts FI .

    DEFINE          reduce using rule 13 (stmt -> IF expr stmts FI .)
    BREAK           reduce using rule 13 (stmt -> IF expr stmts FI .)
    FOR             reduce using rule 13 (stmt -> IF expr stmts FI .)
    IF              reduce using rule 13 (stmt -> IF expr stmts FI .)
    ID              reduce using rule 13 (stmt -> IF expr stmts FI .)
    NOT             reduce using rule 13 (stmt -> IF expr stmts FI .)
    MINUS           reduce using rule 13 (stmt -> IF expr stmts FI .)
    BITWISE_NOT     reduce using rule 13 (stmt -> IF expr stmts FI .)
    LPAREN          reduce using rule 13 (stmt -> IF expr stmts FI .)
    NUMBER          reduce using rule 13 (stmt -> IF expr stmts FI .)
    $end            reduce using rule 13 (stmt -> IF expr stmts FI .)
    FI              reduce using rule 13 (stmt -> IF expr stmts FI .)
    ELSE            reduce using rule 13 (stmt -> IF expr stmts FI .)
    ELSEIF          reduce using rule 13 (stmt -> IF expr stmts FI .)
    ENDFOR          reduce using rule 13 (stmt -> IF expr stmts FI .)


state 92

    (14) stmt -> IF expr stmts ELSE . stmts FI
    (15) stmt -> IF expr stmts ELSE . stmts
    (1) stmts -> . stmt
    (2) stmts -> . stmts stmt
    (3) stmt -> . DEFINE ID LPAREN args RPAREN COLON stmts
    (4) stmt -> . BREAK
    (5) stmt -> . expr
    (8) stmt -> . FOR ID IN RANGE LPAREN NUMBER COMMA NUMBER COMMA NUMBER RPAREN COLON stmts ENDFOR
    (9) stmt -> . IF expr THEN stmts FI
    (10) stmt -> . IF expr THEN stmts ELSE stmts FI
    (11) stmt -> . IF expr FI
    (12) stmt -> . IF expr THEN stmts ELSEIF expr THEN stmts ELSE stmts FI
    (13) stmt -> . IF expr stmts FI
    (14) stmt -> . IF expr stmts ELSE stmts FI
    (15) stmt -> . IF expr stmts ELSE stmts
    (6) expr -> . expr UPDATE expr
    (7) expr -> . expr PLUS_EQUAL expr
    (16) expr -> . ID LPAREN args RPAREN
    (17) expr -> . ID LPAREN RPAREN
    (20) expr -> . expr LBRACE expr RBRACE
    (21) expr -> . expr LBRACE expr COLON expr RBRACE
    (22) expr -> . expr QUEST expr COLON expr
    (23) expr -> . NOT expr
    (24) expr -> . MINUS expr
    (25) expr -> . BITWISE_NOT expr
    (26) expr -> . expr BITWISE_AND expr
    (27) expr -> . expr BITWISE_OR expr
    (28) expr -> . expr OP expr
    (29) expr -> . expr PLUS expr
    (30) expr -> . expr MINUS expr
    (31) expr -> . expr TIMES expr
    (32) expr -> . expr DIV expr
    (33) expr -> . expr MOD expr
    (34) expr -> . expr AND expr
    (35) expr -> . expr OR expr
    (36) expr -> . expr LSHIFT expr
    (37) expr -> . expr RSHIFT expr
    (38) expr -> . expr LSHIFT_LOGICAL expr
    (39) expr -> . expr RSHIFT_LOGICAL expr
    (40) expr -> . expr GREATER expr
    (41) expr -> . expr LESS expr
    (42) expr -> . expr LESS_EQUAL expr
    (43) expr -> . expr GREATER_EQUAL expr
    (44) expr -> . expr EQUAL expr
    (45) expr -> . expr NOT_EQUAL expr
    (46) expr -> . expr XOR expr
    (47) expr -> . LPAREN expr RPAREN
    (48) expr -> . ID
    (49) expr -> . NUMBER

    DEFINE          shift and go to state 3
    BREAK           shift and go to state 6
    FOR             shift and go to state 8
    IF              shift and go to state 10
    ID              shift and go to state 4
    NOT             shift and go to state 11
    MINUS           shift and go to state 12
    BITWISE_NOT     shift and go to state 13
    LPAREN          shift and go to state 5
    NUMBER          shift and go to state 9

    expr                           shift and go to state 7
    stmts                          shift and go to state 102
    stmt                           shift and go to state 2

state 93

    (30) expr -> expr MINUS expr .
    (24) expr -> MINUS expr .
    (6) expr -> expr . UPDATE expr
    (7) expr -> expr . PLUS_EQUAL expr
    (20) expr -> expr . LBRACE expr RBRACE
    (21) expr -> expr . LBRACE expr COLON expr RBRACE
    (22) expr -> expr . QUEST expr COLON expr
    (26) expr -> expr . BITWISE_AND expr
    (27) expr -> expr . BITWISE_OR expr
    (28) expr -> expr . OP expr
    (29) expr -> expr . PLUS expr
    (30) expr -> expr . MINUS expr
    (31) expr -> expr . TIMES expr
    (32) expr -> expr . DIV expr
    (33) expr -> expr . MOD expr
    (34) expr -> expr . AND expr
    (35) expr -> expr . OR expr
    (36) expr -> expr . LSHIFT expr
    (37) expr -> expr . RSHIFT expr
    (38) expr -> expr . LSHIFT_LOGICAL expr
    (39) expr -> expr . RSHIFT_LOGICAL expr
    (40) expr -> expr . GREATER expr
    (41) expr -> expr . LESS expr
    (42) expr -> expr . LESS_EQUAL expr
    (43) expr -> expr . GREATER_EQUAL expr
    (44) expr -> expr . EQUAL expr
    (45) expr -> expr . NOT_EQUAL expr
    (46) expr -> expr . XOR expr

  ! reduce/reduce conflict for UPDATE resolved using rule 24 (expr -> MINUS expr .)
  ! reduce/reduce conflict for PLUS_EQUAL resolved using rule 24 (expr -> MINUS expr .)
  ! reduce/reduce conflict for LBRACE resolved using rule 24 (expr -> MINUS expr .)
  ! reduce/reduce conflict for QUEST resolved using rule 24 (expr -> MINUS expr .)
  ! reduce/reduce conflict for BITWISE_AND resolved using rule 24 (expr -> MINUS expr .)
  ! reduce/reduce conflict for BITWISE_OR resolved using rule 24 (expr -> MINUS expr .)
  ! reduce/reduce conflict for OP resolved using rule 24 (expr -> MINUS expr .)
  ! reduce/reduce conflict for PLUS resolved using rule 24 (expr -> MINUS expr .)
  ! reduce/reduce conflict for MINUS resolved using rule 24 (expr -> MINUS expr .)
  ! reduce/reduce conflict for TIMES resolved using rule 24 (expr -> MINUS expr .)
  ! reduce/reduce conflict for DIV resolved using rule 24 (expr -> MINUS expr .)
  ! reduce/reduce conflict for MOD resolved using rule 24 (expr -> MINUS expr .)
  ! reduce/reduce conflict for AND resolved using rule 24 (expr -> MINUS expr .)
  ! reduce/reduce conflict for OR resolved using rule 24 (expr -> MINUS expr .)
  ! reduce/reduce conflict for LSHIFT resolved using rule 24 (expr -> MINUS expr .)
  ! reduce/reduce conflict for RSHIFT resolved using rule 24 (expr -> MINUS expr .)
  ! reduce/reduce conflict for LSHIFT_LOGICAL resolved using rule 24 (expr -> MINUS expr .)
  ! reduce/reduce conflict for RSHIFT_LOGICAL resolved using rule 24 (expr -> MINUS expr .)
  ! reduce/reduce conflict for GREATER resolved using rule 24 (expr -> MINUS expr .)
  ! reduce/reduce conflict for LESS resolved using rule 24 (expr -> MINUS expr .)
  ! reduce/reduce conflict for LESS_EQUAL resolved using rule 24 (expr -> MINUS expr .)
  ! reduce/reduce conflict for GREATER_EQUAL resolved using rule 24 (expr -> MINUS expr .)
  ! reduce/reduce conflict for EQUAL resolved using rule 24 (expr -> MINUS expr .)
  ! reduce/reduce conflict for NOT_EQUAL resolved using rule 24 (expr -> MINUS expr .)
  ! reduce/reduce conflict for XOR resolved using rule 24 (expr -> MINUS expr .)
  ! reduce/reduce conflict for FI resolved using rule 24 (expr -> MINUS expr .)
  ! reduce/reduce conflict for DEFINE resolved using rule 24 (expr -> MINUS expr .)
  ! reduce/reduce conflict for BREAK resolved using rule 24 (expr -> MINUS expr .)
  ! reduce/reduce conflict for FOR resolved using rule 24 (expr -> MINUS expr .)
  ! reduce/reduce conflict for IF resolved using rule 24 (expr -> MINUS expr .)
  ! reduce/reduce conflict for ID resolved using rule 24 (expr -> MINUS expr .)
  ! reduce/reduce conflict for NOT resolved using rule 24 (expr -> MINUS expr .)
  ! reduce/reduce conflict for BITWISE_NOT resolved using rule 24 (expr -> MINUS expr .)
  ! reduce/reduce conflict for LPAREN resolved using rule 24 (expr -> MINUS expr .)
  ! reduce/reduce conflict for NUMBER resolved using rule 24 (expr -> MINUS expr .)
    THEN            reduce using rule 30 (expr -> expr MINUS expr .)
    UPDATE          reduce using rule 24 (expr -> MINUS expr .)
    PLUS_EQUAL      reduce using rule 24 (expr -> MINUS expr .)
    QUEST           reduce using rule 24 (expr -> MINUS expr .)
    BITWISE_AND     reduce using rule 24 (expr -> MINUS expr .)
    BITWISE_OR      reduce using rule 24 (expr -> MINUS expr .)
    OP              reduce using rule 24 (expr -> MINUS expr .)
    PLUS            reduce using rule 24 (expr -> MINUS expr .)
    MINUS           reduce using rule 24 (expr -> MINUS expr .)
    TIMES           reduce using rule 24 (expr -> MINUS expr .)
    DIV             reduce using rule 24 (expr -> MINUS expr .)
    MOD             reduce using rule 24 (expr -> MINUS expr .)
    AND             reduce using rule 24 (expr -> MINUS expr .)
    OR              reduce using rule 24 (expr -> MINUS expr .)
    LSHIFT          reduce using rule 24 (expr -> MINUS expr .)
    RSHIFT          reduce using rule 24 (expr -> MINUS expr .)
    LSHIFT_LOGICAL  reduce using rule 24 (expr -> MINUS expr .)
    RSHIFT_LOGICAL  reduce using rule 24 (expr -> MINUS expr .)
    GREATER         reduce using rule 24 (expr -> MINUS expr .)
    LESS            reduce using rule 24 (expr -> MINUS expr .)
    LESS_EQUAL      reduce using rule 24 (expr -> MINUS expr .)
    GREATER_EQUAL   reduce using rule 24 (expr -> MINUS expr .)
    EQUAL           reduce using rule 24 (expr -> MINUS expr .)
    NOT_EQUAL       reduce using rule 24 (expr -> MINUS expr .)
    XOR             reduce using rule 24 (expr -> MINUS expr .)
    FI              reduce using rule 24 (expr -> MINUS expr .)
    ELSE            reduce using rule 24 (expr -> MINUS expr .)
    DEFINE          reduce using rule 24 (expr -> MINUS expr .)
    BREAK           reduce using rule 24 (expr -> MINUS expr .)
    FOR             reduce using rule 24 (expr -> MINUS expr .)
    IF              reduce using rule 24 (expr -> MINUS expr .)
    ID              reduce using rule 24 (expr -> MINUS expr .)
    NOT             reduce using rule 24 (expr -> MINUS expr .)
    BITWISE_NOT     reduce using rule 24 (expr -> MINUS expr .)
    LPAREN          reduce using rule 24 (expr -> MINUS expr .)
    NUMBER          reduce using rule 24 (expr -> MINUS expr .)
    LBRACE          shift and go to state 20

  ! FI              [ reduce using rule 30 (expr -> expr MINUS expr .) ]
  ! UPDATE          [ reduce using rule 30 (expr -> expr MINUS expr .) ]
  ! PLUS_EQUAL      [ reduce using rule 30 (expr -> expr MINUS expr .) ]
  ! LBRACE          [ reduce using rule 30 (expr -> expr MINUS expr .) ]
  ! QUEST           [ reduce using rule 30 (expr -> expr MINUS expr .) ]
  ! BITWISE_AND     [ reduce using rule 30 (expr -> expr MINUS expr .) ]
  ! BITWISE_OR      [ reduce using rule 30 (expr -> expr MINUS expr .) ]
  ! OP              [ reduce using rule 30 (expr -> expr MINUS expr .) ]
  ! PLUS            [ reduce using rule 30 (expr -> expr MINUS expr .) ]
  ! MINUS           [ reduce using rule 30 (expr -> expr MINUS expr .) ]
  ! TIMES           [ reduce using rule 30 (expr -> expr MINUS expr .) ]
  ! DIV             [ reduce using rule 30 (expr -> expr MINUS expr .) ]
  ! MOD             [ reduce using rule 30 (expr -> expr MINUS expr .) ]
  ! AND             [ reduce using rule 30 (expr -> expr MINUS expr .) ]
  ! OR              [ reduce using rule 30 (expr -> expr MINUS expr .) ]
  ! LSHIFT          [ reduce using rule 30 (expr -> expr MINUS expr .) ]
  ! RSHIFT          [ reduce using rule 30 (expr -> expr MINUS expr .) ]
  ! LSHIFT_LOGICAL  [ reduce using rule 30 (expr -> expr MINUS expr .) ]
  ! RSHIFT_LOGICAL  [ reduce using rule 30 (expr -> expr MINUS expr .) ]
  ! GREATER         [ reduce using rule 30 (expr -> expr MINUS expr .) ]
  ! LESS            [ reduce using rule 30 (expr -> expr MINUS expr .) ]
  ! LESS_EQUAL      [ reduce using rule 30 (expr -> expr MINUS expr .) ]
  ! GREATER_EQUAL   [ reduce using rule 30 (expr -> expr MINUS expr .) ]
  ! EQUAL           [ reduce using rule 30 (expr -> expr MINUS expr .) ]
  ! NOT_EQUAL       [ reduce using rule 30 (expr -> expr MINUS expr .) ]
  ! XOR             [ reduce using rule 30 (expr -> expr MINUS expr .) ]
  ! DEFINE          [ reduce using rule 30 (expr -> expr MINUS expr .) ]
  ! BREAK           [ reduce using rule 30 (expr -> expr MINUS expr .) ]
  ! FOR             [ reduce using rule 30 (expr -> expr MINUS expr .) ]
  ! IF              [ reduce using rule 30 (expr -> expr MINUS expr .) ]
  ! ID              [ reduce using rule 30 (expr -> expr MINUS expr .) ]
  ! NOT             [ reduce using rule 30 (expr -> expr MINUS expr .) ]
  ! BITWISE_NOT     [ reduce using rule 30 (expr -> expr MINUS expr .) ]
  ! LPAREN          [ reduce using rule 30 (expr -> expr MINUS expr .) ]
  ! NUMBER          [ reduce using rule 30 (expr -> expr MINUS expr .) ]
  ! LBRACE          [ reduce using rule 24 (expr -> MINUS expr .) ]
  ! UPDATE          [ shift and go to state 18 ]
  ! PLUS_EQUAL      [ shift and go to state 19 ]
  ! QUEST           [ shift and go to state 21 ]
  ! BITWISE_AND     [ shift and go to state 22 ]
  ! BITWISE_OR      [ shift and go to state 23 ]
  ! OP              [ shift and go to state 24 ]
  ! PLUS            [ shift and go to state 25 ]
  ! MINUS           [ shift and go to state 26 ]
  ! TIMES           [ shift and go to state 27 ]
  ! DIV             [ shift and go to state 28 ]
  ! MOD             [ shift and go to state 29 ]
  ! AND             [ shift and go to state 30 ]
  ! OR              [ shift and go to state 31 ]
  ! LSHIFT          [ shift and go to state 32 ]
  ! RSHIFT          [ shift and go to state 33 ]
  ! LSHIFT_LOGICAL  [ shift and go to state 34 ]
  ! RSHIFT_LOGICAL  [ shift and go to state 35 ]
  ! GREATER         [ shift and go to state 36 ]
  ! LESS            [ shift and go to state 37 ]
  ! LESS_EQUAL      [ shift and go to state 38 ]
  ! GREATER_EQUAL   [ shift and go to state 39 ]
  ! EQUAL           [ shift and go to state 40 ]
  ! NOT_EQUAL       [ shift and go to state 41 ]
  ! XOR             [ shift and go to state 42 ]


state 94

    (3) stmt -> DEFINE ID LPAREN args RPAREN . COLON stmts

    COLON           shift and go to state 103


state 95

    (19) args -> args COMMA expr .
    (6) expr -> expr . UPDATE expr
    (7) expr -> expr . PLUS_EQUAL expr
    (20) expr -> expr . LBRACE expr RBRACE
    (21) expr -> expr . LBRACE expr COLON expr RBRACE
    (22) expr -> expr . QUEST expr COLON expr
    (26) expr -> expr . BITWISE_AND expr
    (27) expr -> expr . BITWISE_OR expr
    (28) expr -> expr . OP expr
    (29) expr -> expr . PLUS expr
    (30) expr -> expr . MINUS expr
    (31) expr -> expr . TIMES expr
    (32) expr -> expr . DIV expr
    (33) expr -> expr . MOD expr
    (34) expr -> expr . AND expr
    (35) expr -> expr . OR expr
    (36) expr -> expr . LSHIFT expr
    (37) expr -> expr . RSHIFT expr
    (38) expr -> expr . LSHIFT_LOGICAL expr
    (39) expr -> expr . RSHIFT_LOGICAL expr
    (40) expr -> expr . GREATER expr
    (41) expr -> expr . LESS expr
    (42) expr -> expr . LESS_EQUAL expr
    (43) expr -> expr . GREATER_EQUAL expr
    (44) expr -> expr . EQUAL expr
    (45) expr -> expr . NOT_EQUAL expr
    (46) expr -> expr . XOR expr

    RPAREN          reduce using rule 19 (args -> args COMMA expr .)
    COMMA           reduce using rule 19 (args -> args COMMA expr .)
    UPDATE          shift and go to state 18
    PLUS_EQUAL      shift and go to state 19
    LBRACE          shift and go to state 20
    QUEST           shift and go to state 21
    BITWISE_AND     shift and go to state 22
    BITWISE_OR      shift and go to state 23
    OP              shift and go to state 24
    PLUS            shift and go to state 25
    MINUS           shift and go to state 26
    TIMES           shift and go to state 27
    DIV             shift and go to state 28
    MOD             shift and go to state 29
    AND             shift and go to state 30
    OR              shift and go to state 31
    LSHIFT          shift and go to state 32
    RSHIFT          shift and go to state 33
    LSHIFT_LOGICAL  shift and go to state 34
    RSHIFT_LOGICAL  shift and go to state 35
    GREATER         shift and go to state 36
    LESS            shift and go to state 37
    LESS_EQUAL      shift and go to state 38
    GREATER_EQUAL   shift and go to state 39
    EQUAL           shift and go to state 40
    NOT_EQUAL       shift and go to state 41
    XOR             shift and go to state 42


state 96

    (21) expr -> expr LBRACE expr COLON expr . RBRACE
    (6) expr -> expr . UPDATE expr
    (7) expr -> expr . PLUS_EQUAL expr
    (20) expr -> expr . LBRACE expr RBRACE
    (21) expr -> expr . LBRACE expr COLON expr RBRACE
    (22) expr -> expr . QUEST expr COLON expr
    (26) expr -> expr . BITWISE_AND expr
    (27) expr -> expr . BITWISE_OR expr
    (28) expr -> expr . OP expr
    (29) expr -> expr . PLUS expr
    (30) expr -> expr . MINUS expr
    (31) expr -> expr . TIMES expr
    (32) expr -> expr . DIV expr
    (33) expr -> expr . MOD expr
    (34) expr -> expr . AND expr
    (35) expr -> expr . OR expr
    (36) expr -> expr . LSHIFT expr
    (37) expr -> expr . RSHIFT expr
    (38) expr -> expr . LSHIFT_LOGICAL expr
    (39) expr -> expr . RSHIFT_LOGICAL expr
    (40) expr -> expr . GREATER expr
    (41) expr -> expr . LESS expr
    (42) expr -> expr . LESS_EQUAL expr
    (43) expr -> expr . GREATER_EQUAL expr
    (44) expr -> expr . EQUAL expr
    (45) expr -> expr . NOT_EQUAL expr
    (46) expr -> expr . XOR expr

    RBRACE          shift and go to state 104
    UPDATE          shift and go to state 18
    PLUS_EQUAL      shift and go to state 19
    LBRACE          shift and go to state 20
    QUEST           shift and go to state 21
    BITWISE_AND     shift and go to state 22
    BITWISE_OR      shift and go to state 23
    OP              shift and go to state 24
    PLUS            shift and go to state 25
    MINUS           shift and go to state 26
    TIMES           shift and go to state 27
    DIV             shift and go to state 28
    MOD             shift and go to state 29
    AND             shift and go to state 30
    OR              shift and go to state 31
    LSHIFT          shift and go to state 32
    RSHIFT          shift and go to state 33
    LSHIFT_LOGICAL  shift and go to state 34
    RSHIFT_LOGICAL  shift and go to state 35
    GREATER         shift and go to state 36
    LESS            shift and go to state 37
    LESS_EQUAL      shift and go to state 38
    GREATER_EQUAL   shift and go to state 39
    EQUAL           shift and go to state 40
    NOT_EQUAL       shift and go to state 41
    XOR             shift and go to state 42


state 97

    (22) expr -> expr QUEST expr COLON expr .
    (6) expr -> expr . UPDATE expr
    (7) expr -> expr . PLUS_EQUAL expr
    (20) expr -> expr . LBRACE expr RBRACE
    (21) expr -> expr . LBRACE expr COLON expr RBRACE
    (22) expr -> expr . QUEST expr COLON expr
    (26) expr -> expr . BITWISE_AND expr
    (27) expr -> expr . BITWISE_OR expr
    (28) expr -> expr . OP expr
    (29) expr -> expr . PLUS expr
    (30) expr -> expr . MINUS expr
    (31) expr -> expr . TIMES expr
    (32) expr -> expr . DIV expr
    (33) expr -> expr . MOD expr
    (34) expr -> expr . AND expr
    (35) expr -> expr . OR expr
    (36) expr -> expr . LSHIFT expr
    (37) expr -> expr . RSHIFT expr
    (38) expr -> expr . LSHIFT_LOGICAL expr
    (39) expr -> expr . RSHIFT_LOGICAL expr
    (40) expr -> expr . GREATER expr
    (41) expr -> expr . LESS expr
    (42) expr -> expr . LESS_EQUAL expr
    (43) expr -> expr . GREATER_EQUAL expr
    (44) expr -> expr . EQUAL expr
    (45) expr -> expr . NOT_EQUAL expr
    (46) expr -> expr . XOR expr

  ! shift/reduce conflict for UPDATE resolved as shift
  ! shift/reduce conflict for PLUS_EQUAL resolved as shift
  ! shift/reduce conflict for LBRACE resolved as shift
  ! shift/reduce conflict for QUEST resolved as shift
  ! shift/reduce conflict for BITWISE_AND resolved as shift
  ! shift/reduce conflict for BITWISE_OR resolved as shift
  ! shift/reduce conflict for OP resolved as shift
  ! shift/reduce conflict for PLUS resolved as shift
  ! shift/reduce conflict for MINUS resolved as shift
  ! shift/reduce conflict for TIMES resolved as shift
  ! shift/reduce conflict for DIV resolved as shift
  ! shift/reduce conflict for MOD resolved as shift
  ! shift/reduce conflict for AND resolved as shift
  ! shift/reduce conflict for OR resolved as shift
  ! shift/reduce conflict for LSHIFT resolved as shift
  ! shift/reduce conflict for RSHIFT resolved as shift
  ! shift/reduce conflict for LSHIFT_LOGICAL resolved as shift
  ! shift/reduce conflict for RSHIFT_LOGICAL resolved as shift
  ! shift/reduce conflict for GREATER resolved as shift
  ! shift/reduce conflict for LESS resolved as shift
  ! shift/reduce conflict for LESS_EQUAL resolved as shift
  ! shift/reduce conflict for GREATER_EQUAL resolved as shift
  ! shift/reduce conflict for EQUAL resolved as shift
  ! shift/reduce conflict for NOT_EQUAL resolved as shift
  ! shift/reduce conflict for XOR resolved as shift
    DEFINE          reduce using rule 22 (expr -> expr QUEST expr COLON expr .)
    BREAK           reduce using rule 22 (expr -> expr QUEST expr COLON expr .)
    FOR             reduce using rule 22 (expr -> expr QUEST expr COLON expr .)
    IF              reduce using rule 22 (expr -> expr QUEST expr COLON expr .)
    ID              reduce using rule 22 (expr -> expr QUEST expr COLON expr .)
    NOT             reduce using rule 22 (expr -> expr QUEST expr COLON expr .)
    BITWISE_NOT     reduce using rule 22 (expr -> expr QUEST expr COLON expr .)
    LPAREN          reduce using rule 22 (expr -> expr QUEST expr COLON expr .)
    NUMBER          reduce using rule 22 (expr -> expr QUEST expr COLON expr .)
    $end            reduce using rule 22 (expr -> expr QUEST expr COLON expr .)
    RPAREN          reduce using rule 22 (expr -> expr QUEST expr COLON expr .)
    THEN            reduce using rule 22 (expr -> expr QUEST expr COLON expr .)
    FI              reduce using rule 22 (expr -> expr QUEST expr COLON expr .)
    COMMA           reduce using rule 22 (expr -> expr QUEST expr COLON expr .)
    RBRACE          reduce using rule 22 (expr -> expr QUEST expr COLON expr .)
    COLON           reduce using rule 22 (expr -> expr QUEST expr COLON expr .)
    ELSE            reduce using rule 22 (expr -> expr QUEST expr COLON expr .)
    ELSEIF          reduce using rule 22 (expr -> expr QUEST expr COLON expr .)
    ENDFOR          reduce using rule 22 (expr -> expr QUEST expr COLON expr .)
    UPDATE          shift and go to state 18
    PLUS_EQUAL      shift and go to state 19
    LBRACE          shift and go to state 20
    QUEST           shift and go to state 21
    BITWISE_AND     shift and go to state 22
    BITWISE_OR      shift and go to state 23
    OP              shift and go to state 24
    PLUS            shift and go to state 25
    MINUS           shift and go to state 26
    TIMES           shift and go to state 27
    DIV             shift and go to state 28
    MOD             shift and go to state 29
    AND             shift and go to state 30
    OR              shift and go to state 31
    LSHIFT          shift and go to state 32
    RSHIFT          shift and go to state 33
    LSHIFT_LOGICAL  shift and go to state 34
    RSHIFT_LOGICAL  shift and go to state 35
    GREATER         shift and go to state 36
    LESS            shift and go to state 37
    LESS_EQUAL      shift and go to state 38
    GREATER_EQUAL   shift and go to state 39
    EQUAL           shift and go to state 40
    NOT_EQUAL       shift and go to state 41
    XOR             shift and go to state 42

  ! UPDATE          [ reduce using rule 22 (expr -> expr QUEST expr COLON expr .) ]
  ! PLUS_EQUAL      [ reduce using rule 22 (expr -> expr QUEST expr COLON expr .) ]
  ! LBRACE          [ reduce using rule 22 (expr -> expr QUEST expr COLON expr .) ]
  ! QUEST           [ reduce using rule 22 (expr -> expr QUEST expr COLON expr .) ]
  ! BITWISE_AND     [ reduce using rule 22 (expr -> expr QUEST expr COLON expr .) ]
  ! BITWISE_OR      [ reduce using rule 22 (expr -> expr QUEST expr COLON expr .) ]
  ! OP              [ reduce using rule 22 (expr -> expr QUEST expr COLON expr .) ]
  ! PLUS            [ reduce using rule 22 (expr -> expr QUEST expr COLON expr .) ]
  ! MINUS           [ reduce using rule 22 (expr -> expr QUEST expr COLON expr .) ]
  ! TIMES           [ reduce using rule 22 (expr -> expr QUEST expr COLON expr .) ]
  ! DIV             [ reduce using rule 22 (expr -> expr QUEST expr COLON expr .) ]
  ! MOD             [ reduce using rule 22 (expr -> expr QUEST expr COLON expr .) ]
  ! AND             [ reduce using rule 22 (expr -> expr QUEST expr COLON expr .) ]
  ! OR              [ reduce using rule 22 (expr -> expr QUEST expr COLON expr .) ]
  ! LSHIFT          [ reduce using rule 22 (expr -> expr QUEST expr COLON expr .) ]
  ! RSHIFT          [ reduce using rule 22 (expr -> expr QUEST expr COLON expr .) ]
  ! LSHIFT_LOGICAL  [ reduce using rule 22 (expr -> expr QUEST expr COLON expr .) ]
  ! RSHIFT_LOGICAL  [ reduce using rule 22 (expr -> expr QUEST expr COLON expr .) ]
  ! GREATER         [ reduce using rule 22 (expr -> expr QUEST expr COLON expr .) ]
  ! LESS            [ reduce using rule 22 (expr -> expr QUEST expr COLON expr .) ]
  ! LESS_EQUAL      [ reduce using rule 22 (expr -> expr QUEST expr COLON expr .) ]
  ! GREATER_EQUAL   [ reduce using rule 22 (expr -> expr QUEST expr COLON expr .) ]
  ! EQUAL           [ reduce using rule 22 (expr -> expr QUEST expr COLON expr .) ]
  ! NOT_EQUAL       [ reduce using rule 22 (expr -> expr QUEST expr COLON expr .) ]
  ! XOR             [ reduce using rule 22 (expr -> expr QUEST expr COLON expr .) ]


state 98

    (8) stmt -> FOR ID IN RANGE LPAREN . NUMBER COMMA NUMBER COMMA NUMBER RPAREN COLON stmts ENDFOR

    NUMBER          shift and go to state 105


state 99

    (9) stmt -> IF expr THEN stmts FI .

    DEFINE          reduce using rule 9 (stmt -> IF expr THEN stmts FI .)
    BREAK           reduce using rule 9 (stmt -> IF expr THEN stmts FI .)
    FOR             reduce using rule 9 (stmt -> IF expr THEN stmts FI .)
    IF              reduce using rule 9 (stmt -> IF expr THEN stmts FI .)
    ID              reduce using rule 9 (stmt -> IF expr THEN stmts FI .)
    NOT             reduce using rule 9 (stmt -> IF expr THEN stmts FI .)
    MINUS           reduce using rule 9 (stmt -> IF expr THEN stmts FI .)
    BITWISE_NOT     reduce using rule 9 (stmt -> IF expr THEN stmts FI .)
    LPAREN          reduce using rule 9 (stmt -> IF expr THEN stmts FI .)
    NUMBER          reduce using rule 9 (stmt -> IF expr THEN stmts FI .)
    $end            reduce using rule 9 (stmt -> IF expr THEN stmts FI .)
    FI              reduce using rule 9 (stmt -> IF expr THEN stmts FI .)
    ELSE            reduce using rule 9 (stmt -> IF expr THEN stmts FI .)
    ELSEIF          reduce using rule 9 (stmt -> IF expr THEN stmts FI .)
    ENDFOR          reduce using rule 9 (stmt -> IF expr THEN stmts FI .)


state 100

    (10) stmt -> IF expr THEN stmts ELSE . stmts FI
    (1) stmts -> . stmt
    (2) stmts -> . stmts stmt
    (3) stmt -> . DEFINE ID LPAREN args RPAREN COLON stmts
    (4) stmt -> . BREAK
    (5) stmt -> . expr
    (8) stmt -> . FOR ID IN RANGE LPAREN NUMBER COMMA NUMBER COMMA NUMBER RPAREN COLON stmts ENDFOR
    (9) stmt -> . IF expr THEN stmts FI
    (10) stmt -> . IF expr THEN stmts ELSE stmts FI
    (11) stmt -> . IF expr FI
    (12) stmt -> . IF expr THEN stmts ELSEIF expr THEN stmts ELSE stmts FI
    (13) stmt -> . IF expr stmts FI
    (14) stmt -> . IF expr stmts ELSE stmts FI
    (15) stmt -> . IF expr stmts ELSE stmts
    (6) expr -> . expr UPDATE expr
    (7) expr -> . expr PLUS_EQUAL expr
    (16) expr -> . ID LPAREN args RPAREN
    (17) expr -> . ID LPAREN RPAREN
    (20) expr -> . expr LBRACE expr RBRACE
    (21) expr -> . expr LBRACE expr COLON expr RBRACE
    (22) expr -> . expr QUEST expr COLON expr
    (23) expr -> . NOT expr
    (24) expr -> . MINUS expr
    (25) expr -> . BITWISE_NOT expr
    (26) expr -> . expr BITWISE_AND expr
    (27) expr -> . expr BITWISE_OR expr
    (28) expr -> . expr OP expr
    (29) expr -> . expr PLUS expr
    (30) expr -> . expr MINUS expr
    (31) expr -> . expr TIMES expr
    (32) expr -> . expr DIV expr
    (33) expr -> . expr MOD expr
    (34) expr -> . expr AND expr
    (35) expr -> . expr OR expr
    (36) expr -> . expr LSHIFT expr
    (37) expr -> . expr RSHIFT expr
    (38) expr -> . expr LSHIFT_LOGICAL expr
    (39) expr -> . expr RSHIFT_LOGICAL expr
    (40) expr -> . expr GREATER expr
    (41) expr -> . expr LESS expr
    (42) expr -> . expr LESS_EQUAL expr
    (43) expr -> . expr GREATER_EQUAL expr
    (44) expr -> . expr EQUAL expr
    (45) expr -> . expr NOT_EQUAL expr
    (46) expr -> . expr XOR expr
    (47) expr -> . LPAREN expr RPAREN
    (48) expr -> . ID
    (49) expr -> . NUMBER

    DEFINE          shift and go to state 3
    BREAK           shift and go to state 6
    FOR             shift and go to state 8
    IF              shift and go to state 10
    ID              shift and go to state 4
    NOT             shift and go to state 11
    MINUS           shift and go to state 12
    BITWISE_NOT     shift and go to state 13
    LPAREN          shift and go to state 5
    NUMBER          shift and go to state 9

    expr                           shift and go to state 7
    stmts                          shift and go to state 106
    stmt                           shift and go to state 2

state 101

    (12) stmt -> IF expr THEN stmts ELSEIF . expr THEN stmts ELSE stmts FI
    (6) expr -> . expr UPDATE expr
    (7) expr -> . expr PLUS_EQUAL expr
    (16) expr -> . ID LPAREN args RPAREN
    (17) expr -> . ID LPAREN RPAREN
    (20) expr -> . expr LBRACE expr RBRACE
    (21) expr -> . expr LBRACE expr COLON expr RBRACE
    (22) expr -> . expr QUEST expr COLON expr
    (23) expr -> . NOT expr
    (24) expr -> . MINUS expr
    (25) expr -> . BITWISE_NOT expr
    (26) expr -> . expr BITWISE_AND expr
    (27) expr -> . expr BITWISE_OR expr
    (28) expr -> . expr OP expr
    (29) expr -> . expr PLUS expr
    (30) expr -> . expr MINUS expr
    (31) expr -> . expr TIMES expr
    (32) expr -> . expr DIV expr
    (33) expr -> . expr MOD expr
    (34) expr -> . expr AND expr
    (35) expr -> . expr OR expr
    (36) expr -> . expr LSHIFT expr
    (37) expr -> . expr RSHIFT expr
    (38) expr -> . expr LSHIFT_LOGICAL expr
    (39) expr -> . expr RSHIFT_LOGICAL expr
    (40) expr -> . expr GREATER expr
    (41) expr -> . expr LESS expr
    (42) expr -> . expr LESS_EQUAL expr
    (43) expr -> . expr GREATER_EQUAL expr
    (44) expr -> . expr EQUAL expr
    (45) expr -> . expr NOT_EQUAL expr
    (46) expr -> . expr XOR expr
    (47) expr -> . LPAREN expr RPAREN
    (48) expr -> . ID
    (49) expr -> . NUMBER

    ID              shift and go to state 4
    NOT             shift and go to state 11
    MINUS           shift and go to state 12
    BITWISE_NOT     shift and go to state 13
    LPAREN          shift and go to state 5
    NUMBER          shift and go to state 9

    expr                           shift and go to state 107

state 102

    (14) stmt -> IF expr stmts ELSE stmts . FI
    (15) stmt -> IF expr stmts ELSE stmts .
    (2) stmts -> stmts . stmt
    (3) stmt -> . DEFINE ID LPAREN args RPAREN COLON stmts
    (4) stmt -> . BREAK
    (5) stmt -> . expr
    (8) stmt -> . FOR ID IN RANGE LPAREN NUMBER COMMA NUMBER COMMA NUMBER RPAREN COLON stmts ENDFOR
    (9) stmt -> . IF expr THEN stmts FI
    (10) stmt -> . IF expr THEN stmts ELSE stmts FI
    (11) stmt -> . IF expr FI
    (12) stmt -> . IF expr THEN stmts ELSEIF expr THEN stmts ELSE stmts FI
    (13) stmt -> . IF expr stmts FI
    (14) stmt -> . IF expr stmts ELSE stmts FI
    (15) stmt -> . IF expr stmts ELSE stmts
    (6) expr -> . expr UPDATE expr
    (7) expr -> . expr PLUS_EQUAL expr
    (16) expr -> . ID LPAREN args RPAREN
    (17) expr -> . ID LPAREN RPAREN
    (20) expr -> . expr LBRACE expr RBRACE
    (21) expr -> . expr LBRACE expr COLON expr RBRACE
    (22) expr -> . expr QUEST expr COLON expr
    (23) expr -> . NOT expr
    (24) expr -> . MINUS expr
    (25) expr -> . BITWISE_NOT expr
    (26) expr -> . expr BITWISE_AND expr
    (27) expr -> . expr BITWISE_OR expr
    (28) expr -> . expr OP expr
    (29) expr -> . expr PLUS expr
    (30) expr -> . expr MINUS expr
    (31) expr -> . expr TIMES expr
    (32) expr -> . expr DIV expr
    (33) expr -> . expr MOD expr
    (34) expr -> . expr AND expr
    (35) expr -> . expr OR expr
    (36) expr -> . expr LSHIFT expr
    (37) expr -> . expr RSHIFT expr
    (38) expr -> . expr LSHIFT_LOGICAL expr
    (39) expr -> . expr RSHIFT_LOGICAL expr
    (40) expr -> . expr GREATER expr
    (41) expr -> . expr LESS expr
    (42) expr -> . expr LESS_EQUAL expr
    (43) expr -> . expr GREATER_EQUAL expr
    (44) expr -> . expr EQUAL expr
    (45) expr -> . expr NOT_EQUAL expr
    (46) expr -> . expr XOR expr
    (47) expr -> . LPAREN expr RPAREN
    (48) expr -> . ID
    (49) expr -> . NUMBER

  ! shift/reduce conflict for FI resolved as shift
  ! shift/reduce conflict for DEFINE resolved as shift
  ! shift/reduce conflict for BREAK resolved as shift
  ! shift/reduce conflict for FOR resolved as shift
  ! shift/reduce conflict for IF resolved as shift
  ! shift/reduce conflict for ID resolved as shift
  ! shift/reduce conflict for NOT resolved as shift
  ! shift/reduce conflict for MINUS resolved as shift
  ! shift/reduce conflict for BITWISE_NOT resolved as shift
  ! shift/reduce conflict for LPAREN resolved as shift
  ! shift/reduce conflict for NUMBER resolved as shift
    FI              shift and go to state 108
    $end            reduce using rule 15 (stmt -> IF expr stmts ELSE stmts .)
    ELSE            reduce using rule 15 (stmt -> IF expr stmts ELSE stmts .)
    ELSEIF          reduce using rule 15 (stmt -> IF expr stmts ELSE stmts .)
    ENDFOR          reduce using rule 15 (stmt -> IF expr stmts ELSE stmts .)
    DEFINE          shift and go to state 3
    BREAK           shift and go to state 6
    FOR             shift and go to state 8
    IF              shift and go to state 10
    ID              shift and go to state 4
    NOT             shift and go to state 11
    MINUS           shift and go to state 12
    BITWISE_NOT     shift and go to state 13
    LPAREN          shift and go to state 5
    NUMBER          shift and go to state 9

  ! DEFINE          [ reduce using rule 15 (stmt -> IF expr stmts ELSE stmts .) ]
  ! BREAK           [ reduce using rule 15 (stmt -> IF expr stmts ELSE stmts .) ]
  ! FOR             [ reduce using rule 15 (stmt -> IF expr stmts ELSE stmts .) ]
  ! IF              [ reduce using rule 15 (stmt -> IF expr stmts ELSE stmts .) ]
  ! ID              [ reduce using rule 15 (stmt -> IF expr stmts ELSE stmts .) ]
  ! NOT             [ reduce using rule 15 (stmt -> IF expr stmts ELSE stmts .) ]
  ! MINUS           [ reduce using rule 15 (stmt -> IF expr stmts ELSE stmts .) ]
  ! BITWISE_NOT     [ reduce using rule 15 (stmt -> IF expr stmts ELSE stmts .) ]
  ! LPAREN          [ reduce using rule 15 (stmt -> IF expr stmts ELSE stmts .) ]
  ! NUMBER          [ reduce using rule 15 (stmt -> IF expr stmts ELSE stmts .) ]
  ! FI              [ reduce using rule 15 (stmt -> IF expr stmts ELSE stmts .) ]

    expr                           shift and go to state 7
    stmt                           shift and go to state 14

state 103

    (3) stmt -> DEFINE ID LPAREN args RPAREN COLON . stmts
    (1) stmts -> . stmt
    (2) stmts -> . stmts stmt
    (3) stmt -> . DEFINE ID LPAREN args RPAREN COLON stmts
    (4) stmt -> . BREAK
    (5) stmt -> . expr
    (8) stmt -> . FOR ID IN RANGE LPAREN NUMBER COMMA NUMBER COMMA NUMBER RPAREN COLON stmts ENDFOR
    (9) stmt -> . IF expr THEN stmts FI
    (10) stmt -> . IF expr THEN stmts ELSE stmts FI
    (11) stmt -> . IF expr FI
    (12) stmt -> . IF expr THEN stmts ELSEIF expr THEN stmts ELSE stmts FI
    (13) stmt -> . IF expr stmts FI
    (14) stmt -> . IF expr stmts ELSE stmts FI
    (15) stmt -> . IF expr stmts ELSE stmts
    (6) expr -> . expr UPDATE expr
    (7) expr -> . expr PLUS_EQUAL expr
    (16) expr -> . ID LPAREN args RPAREN
    (17) expr -> . ID LPAREN RPAREN
    (20) expr -> . expr LBRACE expr RBRACE
    (21) expr -> . expr LBRACE expr COLON expr RBRACE
    (22) expr -> . expr QUEST expr COLON expr
    (23) expr -> . NOT expr
    (24) expr -> . MINUS expr
    (25) expr -> . BITWISE_NOT expr
    (26) expr -> . expr BITWISE_AND expr
    (27) expr -> . expr BITWISE_OR expr
    (28) expr -> . expr OP expr
    (29) expr -> . expr PLUS expr
    (30) expr -> . expr MINUS expr
    (31) expr -> . expr TIMES expr
    (32) expr -> . expr DIV expr
    (33) expr -> . expr MOD expr
    (34) expr -> . expr AND expr
    (35) expr -> . expr OR expr
    (36) expr -> . expr LSHIFT expr
    (37) expr -> . expr RSHIFT expr
    (38) expr -> . expr LSHIFT_LOGICAL expr
    (39) expr -> . expr RSHIFT_LOGICAL expr
    (40) expr -> . expr GREATER expr
    (41) expr -> . expr LESS expr
    (42) expr -> . expr LESS_EQUAL expr
    (43) expr -> . expr GREATER_EQUAL expr
    (44) expr -> . expr EQUAL expr
    (45) expr -> . expr NOT_EQUAL expr
    (46) expr -> . expr XOR expr
    (47) expr -> . LPAREN expr RPAREN
    (48) expr -> . ID
    (49) expr -> . NUMBER

    DEFINE          shift and go to state 3
    BREAK           shift and go to state 6
    FOR             shift and go to state 8
    IF              shift and go to state 10
    ID              shift and go to state 4
    NOT             shift and go to state 11
    MINUS           shift and go to state 12
    BITWISE_NOT     shift and go to state 13
    LPAREN          shift and go to state 5
    NUMBER          shift and go to state 9

    stmts                          shift and go to state 109
    stmt                           shift and go to state 2
    expr                           shift and go to state 7

state 104

    (21) expr -> expr LBRACE expr COLON expr RBRACE .

    UPDATE          reduce using rule 21 (expr -> expr LBRACE expr COLON expr RBRACE .)
    PLUS_EQUAL      reduce using rule 21 (expr -> expr LBRACE expr COLON expr RBRACE .)
    LBRACE          reduce using rule 21 (expr -> expr LBRACE expr COLON expr RBRACE .)
    QUEST           reduce using rule 21 (expr -> expr LBRACE expr COLON expr RBRACE .)
    BITWISE_AND     reduce using rule 21 (expr -> expr LBRACE expr COLON expr RBRACE .)
    BITWISE_OR      reduce using rule 21 (expr -> expr LBRACE expr COLON expr RBRACE .)
    OP              reduce using rule 21 (expr -> expr LBRACE expr COLON expr RBRACE .)
    PLUS            reduce using rule 21 (expr -> expr LBRACE expr COLON expr RBRACE .)
    MINUS           reduce using rule 21 (expr -> expr LBRACE expr COLON expr RBRACE .)
    TIMES           reduce using rule 21 (expr -> expr LBRACE expr COLON expr RBRACE .)
    DIV             reduce using rule 21 (expr -> expr LBRACE expr COLON expr RBRACE .)
    MOD             reduce using rule 21 (expr -> expr LBRACE expr COLON expr RBRACE .)
    AND             reduce using rule 21 (expr -> expr LBRACE expr COLON expr RBRACE .)
    OR              reduce using rule 21 (expr -> expr LBRACE expr COLON expr RBRACE .)
    LSHIFT          reduce using rule 21 (expr -> expr LBRACE expr COLON expr RBRACE .)
    RSHIFT          reduce using rule 21 (expr -> expr LBRACE expr COLON expr RBRACE .)
    LSHIFT_LOGICAL  reduce using rule 21 (expr -> expr LBRACE expr COLON expr RBRACE .)
    RSHIFT_LOGICAL  reduce using rule 21 (expr -> expr LBRACE expr COLON expr RBRACE .)
    GREATER         reduce using rule 21 (expr -> expr LBRACE expr COLON expr RBRACE .)
    LESS            reduce using rule 21 (expr -> expr LBRACE expr COLON expr RBRACE .)
    LESS_EQUAL      reduce using rule 21 (expr -> expr LBRACE expr COLON expr RBRACE .)
    GREATER_EQUAL   reduce using rule 21 (expr -> expr LBRACE expr COLON expr RBRACE .)
    EQUAL           reduce using rule 21 (expr -> expr LBRACE expr COLON expr RBRACE .)
    NOT_EQUAL       reduce using rule 21 (expr -> expr LBRACE expr COLON expr RBRACE .)
    XOR             reduce using rule 21 (expr -> expr LBRACE expr COLON expr RBRACE .)
    DEFINE          reduce using rule 21 (expr -> expr LBRACE expr COLON expr RBRACE .)
    BREAK           reduce using rule 21 (expr -> expr LBRACE expr COLON expr RBRACE .)
    FOR             reduce using rule 21 (expr -> expr LBRACE expr COLON expr RBRACE .)
    IF              reduce using rule 21 (expr -> expr LBRACE expr COLON expr RBRACE .)
    ID              reduce using rule 21 (expr -> expr LBRACE expr COLON expr RBRACE .)
    NOT             reduce using rule 21 (expr -> expr LBRACE expr COLON expr RBRACE .)
    BITWISE_NOT     reduce using rule 21 (expr -> expr LBRACE expr COLON expr RBRACE .)
    LPAREN          reduce using rule 21 (expr -> expr LBRACE expr COLON expr RBRACE .)
    NUMBER          reduce using rule 21 (expr -> expr LBRACE expr COLON expr RBRACE .)
    $end            reduce using rule 21 (expr -> expr LBRACE expr COLON expr RBRACE .)
    RPAREN          reduce using rule 21 (expr -> expr LBRACE expr COLON expr RBRACE .)
    THEN            reduce using rule 21 (expr -> expr LBRACE expr COLON expr RBRACE .)
    FI              reduce using rule 21 (expr -> expr LBRACE expr COLON expr RBRACE .)
    COMMA           reduce using rule 21 (expr -> expr LBRACE expr COLON expr RBRACE .)
    RBRACE          reduce using rule 21 (expr -> expr LBRACE expr COLON expr RBRACE .)
    COLON           reduce using rule 21 (expr -> expr LBRACE expr COLON expr RBRACE .)
    ELSE            reduce using rule 21 (expr -> expr LBRACE expr COLON expr RBRACE .)
    ELSEIF          reduce using rule 21 (expr -> expr LBRACE expr COLON expr RBRACE .)
    ENDFOR          reduce using rule 21 (expr -> expr LBRACE expr COLON expr RBRACE .)


state 105

    (8) stmt -> FOR ID IN RANGE LPAREN NUMBER . COMMA NUMBER COMMA NUMBER RPAREN COLON stmts ENDFOR

    COMMA           shift and go to state 110


state 106

    (10) stmt -> IF expr THEN stmts ELSE stmts . FI
    (2) stmts -> stmts . stmt
    (3) stmt -> . DEFINE ID LPAREN args RPAREN COLON stmts
    (4) stmt -> . BREAK
    (5) stmt -> . expr
    (8) stmt -> . FOR ID IN RANGE LPAREN NUMBER COMMA NUMBER COMMA NUMBER RPAREN COLON stmts ENDFOR
    (9) stmt -> . IF expr THEN stmts FI
    (10) stmt -> . IF expr THEN stmts ELSE stmts FI
    (11) stmt -> . IF expr FI
    (12) stmt -> . IF expr THEN stmts ELSEIF expr THEN stmts ELSE stmts FI
    (13) stmt -> . IF expr stmts FI
    (14) stmt -> . IF expr stmts ELSE stmts FI
    (15) stmt -> . IF expr stmts ELSE stmts
    (6) expr -> . expr UPDATE expr
    (7) expr -> . expr PLUS_EQUAL expr
    (16) expr -> . ID LPAREN args RPAREN
    (17) expr -> . ID LPAREN RPAREN
    (20) expr -> . expr LBRACE expr RBRACE
    (21) expr -> . expr LBRACE expr COLON expr RBRACE
    (22) expr -> . expr QUEST expr COLON expr
    (23) expr -> . NOT expr
    (24) expr -> . MINUS expr
    (25) expr -> . BITWISE_NOT expr
    (26) expr -> . expr BITWISE_AND expr
    (27) expr -> . expr BITWISE_OR expr
    (28) expr -> . expr OP expr
    (29) expr -> . expr PLUS expr
    (30) expr -> . expr MINUS expr
    (31) expr -> . expr TIMES expr
    (32) expr -> . expr DIV expr
    (33) expr -> . expr MOD expr
    (34) expr -> . expr AND expr
    (35) expr -> . expr OR expr
    (36) expr -> . expr LSHIFT expr
    (37) expr -> . expr RSHIFT expr
    (38) expr -> . expr LSHIFT_LOGICAL expr
    (39) expr -> . expr RSHIFT_LOGICAL expr
    (40) expr -> . expr GREATER expr
    (41) expr -> . expr LESS expr
    (42) expr -> . expr LESS_EQUAL expr
    (43) expr -> . expr GREATER_EQUAL expr
    (44) expr -> . expr EQUAL expr
    (45) expr -> . expr NOT_EQUAL expr
    (46) expr -> . expr XOR expr
    (47) expr -> . LPAREN expr RPAREN
    (48) expr -> . ID
    (49) expr -> . NUMBER

    FI              shift and go to state 111
    DEFINE          shift and go to state 3
    BREAK           shift and go to state 6
    FOR             shift and go to state 8
    IF              shift and go to state 10
    ID              shift and go to state 4
    NOT             shift and go to state 11
    MINUS           shift and go to state 12
    BITWISE_NOT     shift and go to state 13
    LPAREN          shift and go to state 5
    NUMBER          shift and go to state 9

    expr                           shift and go to state 7
    stmt                           shift and go to state 14

state 107

    (12) stmt -> IF expr THEN stmts ELSEIF expr . THEN stmts ELSE stmts FI
    (6) expr -> expr . UPDATE expr
    (7) expr -> expr . PLUS_EQUAL expr
    (20) expr -> expr . LBRACE expr RBRACE
    (21) expr -> expr . LBRACE expr COLON expr RBRACE
    (22) expr -> expr . QUEST expr COLON expr
    (26) expr -> expr . BITWISE_AND expr
    (27) expr -> expr . BITWISE_OR expr
    (28) expr -> expr . OP expr
    (29) expr -> expr . PLUS expr
    (30) expr -> expr . MINUS expr
    (31) expr -> expr . TIMES expr
    (32) expr -> expr . DIV expr
    (33) expr -> expr . MOD expr
    (34) expr -> expr . AND expr
    (35) expr -> expr . OR expr
    (36) expr -> expr . LSHIFT expr
    (37) expr -> expr . RSHIFT expr
    (38) expr -> expr . LSHIFT_LOGICAL expr
    (39) expr -> expr . RSHIFT_LOGICAL expr
    (40) expr -> expr . GREATER expr
    (41) expr -> expr . LESS expr
    (42) expr -> expr . LESS_EQUAL expr
    (43) expr -> expr . GREATER_EQUAL expr
    (44) expr -> expr . EQUAL expr
    (45) expr -> expr . NOT_EQUAL expr
    (46) expr -> expr . XOR expr

    THEN            shift and go to state 112
    UPDATE          shift and go to state 18
    PLUS_EQUAL      shift and go to state 19
    LBRACE          shift and go to state 20
    QUEST           shift and go to state 21
    BITWISE_AND     shift and go to state 22
    BITWISE_OR      shift and go to state 23
    OP              shift and go to state 24
    PLUS            shift and go to state 25
    MINUS           shift and go to state 26
    TIMES           shift and go to state 27
    DIV             shift and go to state 28
    MOD             shift and go to state 29
    AND             shift and go to state 30
    OR              shift and go to state 31
    LSHIFT          shift and go to state 32
    RSHIFT          shift and go to state 33
    LSHIFT_LOGICAL  shift and go to state 34
    RSHIFT_LOGICAL  shift and go to state 35
    GREATER         shift and go to state 36
    LESS            shift and go to state 37
    LESS_EQUAL      shift and go to state 38
    GREATER_EQUAL   shift and go to state 39
    EQUAL           shift and go to state 40
    NOT_EQUAL       shift and go to state 41
    XOR             shift and go to state 42


state 108

    (14) stmt -> IF expr stmts ELSE stmts FI .

    DEFINE          reduce using rule 14 (stmt -> IF expr stmts ELSE stmts FI .)
    BREAK           reduce using rule 14 (stmt -> IF expr stmts ELSE stmts FI .)
    FOR             reduce using rule 14 (stmt -> IF expr stmts ELSE stmts FI .)
    IF              reduce using rule 14 (stmt -> IF expr stmts ELSE stmts FI .)
    ID              reduce using rule 14 (stmt -> IF expr stmts ELSE stmts FI .)
    NOT             reduce using rule 14 (stmt -> IF expr stmts ELSE stmts FI .)
    MINUS           reduce using rule 14 (stmt -> IF expr stmts ELSE stmts FI .)
    BITWISE_NOT     reduce using rule 14 (stmt -> IF expr stmts ELSE stmts FI .)
    LPAREN          reduce using rule 14 (stmt -> IF expr stmts ELSE stmts FI .)
    NUMBER          reduce using rule 14 (stmt -> IF expr stmts ELSE stmts FI .)
    $end            reduce using rule 14 (stmt -> IF expr stmts ELSE stmts FI .)
    FI              reduce using rule 14 (stmt -> IF expr stmts ELSE stmts FI .)
    ELSE            reduce using rule 14 (stmt -> IF expr stmts ELSE stmts FI .)
    ELSEIF          reduce using rule 14 (stmt -> IF expr stmts ELSE stmts FI .)
    ENDFOR          reduce using rule 14 (stmt -> IF expr stmts ELSE stmts FI .)


state 109

    (3) stmt -> DEFINE ID LPAREN args RPAREN COLON stmts .
    (2) stmts -> stmts . stmt
    (3) stmt -> . DEFINE ID LPAREN args RPAREN COLON stmts
    (4) stmt -> . BREAK
    (5) stmt -> . expr
    (8) stmt -> . FOR ID IN RANGE LPAREN NUMBER COMMA NUMBER COMMA NUMBER RPAREN COLON stmts ENDFOR
    (9) stmt -> . IF expr THEN stmts FI
    (10) stmt -> . IF expr THEN stmts ELSE stmts FI
    (11) stmt -> . IF expr FI
    (12) stmt -> . IF expr THEN stmts ELSEIF expr THEN stmts ELSE stmts FI
    (13) stmt -> . IF expr stmts FI
    (14) stmt -> . IF expr stmts ELSE stmts FI
    (15) stmt -> . IF expr stmts ELSE stmts
    (6) expr -> . expr UPDATE expr
    (7) expr -> . expr PLUS_EQUAL expr
    (16) expr -> . ID LPAREN args RPAREN
    (17) expr -> . ID LPAREN RPAREN
    (20) expr -> . expr LBRACE expr RBRACE
    (21) expr -> . expr LBRACE expr COLON expr RBRACE
    (22) expr -> . expr QUEST expr COLON expr
    (23) expr -> . NOT expr
    (24) expr -> . MINUS expr
    (25) expr -> . BITWISE_NOT expr
    (26) expr -> . expr BITWISE_AND expr
    (27) expr -> . expr BITWISE_OR expr
    (28) expr -> . expr OP expr
    (29) expr -> . expr PLUS expr
    (30) expr -> . expr MINUS expr
    (31) expr -> . expr TIMES expr
    (32) expr -> . expr DIV expr
    (33) expr -> . expr MOD expr
    (34) expr -> . expr AND expr
    (35) expr -> . expr OR expr
    (36) expr -> . expr LSHIFT expr
    (37) expr -> . expr RSHIFT expr
    (38) expr -> . expr LSHIFT_LOGICAL expr
    (39) expr -> . expr RSHIFT_LOGICAL expr
    (40) expr -> . expr GREATER expr
    (41) expr -> . expr LESS expr
    (42) expr -> . expr LESS_EQUAL expr
    (43) expr -> . expr GREATER_EQUAL expr
    (44) expr -> . expr EQUAL expr
    (45) expr -> . expr NOT_EQUAL expr
    (46) expr -> . expr XOR expr
    (47) expr -> . LPAREN expr RPAREN
    (48) expr -> . ID
    (49) expr -> . NUMBER

  ! shift/reduce conflict for DEFINE resolved as shift
  ! shift/reduce conflict for BREAK resolved as shift
  ! shift/reduce conflict for FOR resolved as shift
  ! shift/reduce conflict for IF resolved as shift
  ! shift/reduce conflict for ID resolved as shift
  ! shift/reduce conflict for NOT resolved as shift
  ! shift/reduce conflict for MINUS resolved as shift
  ! shift/reduce conflict for BITWISE_NOT resolved as shift
  ! shift/reduce conflict for LPAREN resolved as shift
  ! shift/reduce conflict for NUMBER resolved as shift
    $end            reduce using rule 3 (stmt -> DEFINE ID LPAREN args RPAREN COLON stmts .)
    FI              reduce using rule 3 (stmt -> DEFINE ID LPAREN args RPAREN COLON stmts .)
    ELSE            reduce using rule 3 (stmt -> DEFINE ID LPAREN args RPAREN COLON stmts .)
    ELSEIF          reduce using rule 3 (stmt -> DEFINE ID LPAREN args RPAREN COLON stmts .)
    ENDFOR          reduce using rule 3 (stmt -> DEFINE ID LPAREN args RPAREN COLON stmts .)
    DEFINE          shift and go to state 3
    BREAK           shift and go to state 6
    FOR             shift and go to state 8
    IF              shift and go to state 10
    ID              shift and go to state 4
    NOT             shift and go to state 11
    MINUS           shift and go to state 12
    BITWISE_NOT     shift and go to state 13
    LPAREN          shift and go to state 5
    NUMBER          shift and go to state 9

  ! DEFINE          [ reduce using rule 3 (stmt -> DEFINE ID LPAREN args RPAREN COLON stmts .) ]
  ! BREAK           [ reduce using rule 3 (stmt -> DEFINE ID LPAREN args RPAREN COLON stmts .) ]
  ! FOR             [ reduce using rule 3 (stmt -> DEFINE ID LPAREN args RPAREN COLON stmts .) ]
  ! IF              [ reduce using rule 3 (stmt -> DEFINE ID LPAREN args RPAREN COLON stmts .) ]
  ! ID              [ reduce using rule 3 (stmt -> DEFINE ID LPAREN args RPAREN COLON stmts .) ]
  ! NOT             [ reduce using rule 3 (stmt -> DEFINE ID LPAREN args RPAREN COLON stmts .) ]
  ! MINUS           [ reduce using rule 3 (stmt -> DEFINE ID LPAREN args RPAREN COLON stmts .) ]
  ! BITWISE_NOT     [ reduce using rule 3 (stmt -> DEFINE ID LPAREN args RPAREN COLON stmts .) ]
  ! LPAREN          [ reduce using rule 3 (stmt -> DEFINE ID LPAREN args RPAREN COLON stmts .) ]
  ! NUMBER          [ reduce using rule 3 (stmt -> DEFINE ID LPAREN args RPAREN COLON stmts .) ]

    stmt                           shift and go to state 14
    expr                           shift and go to state 7

state 110

    (8) stmt -> FOR ID IN RANGE LPAREN NUMBER COMMA . NUMBER COMMA NUMBER RPAREN COLON stmts ENDFOR

    NUMBER          shift and go to state 113


state 111

    (10) stmt -> IF expr THEN stmts ELSE stmts FI .

    DEFINE          reduce using rule 10 (stmt -> IF expr THEN stmts ELSE stmts FI .)
    BREAK           reduce using rule 10 (stmt -> IF expr THEN stmts ELSE stmts FI .)
    FOR             reduce using rule 10 (stmt -> IF expr THEN stmts ELSE stmts FI .)
    IF              reduce using rule 10 (stmt -> IF expr THEN stmts ELSE stmts FI .)
    ID              reduce using rule 10 (stmt -> IF expr THEN stmts ELSE stmts FI .)
    NOT             reduce using rule 10 (stmt -> IF expr THEN stmts ELSE stmts FI .)
    MINUS           reduce using rule 10 (stmt -> IF expr THEN stmts ELSE stmts FI .)
    BITWISE_NOT     reduce using rule 10 (stmt -> IF expr THEN stmts ELSE stmts FI .)
    LPAREN          reduce using rule 10 (stmt -> IF expr THEN stmts ELSE stmts FI .)
    NUMBER          reduce using rule 10 (stmt -> IF expr THEN stmts ELSE stmts FI .)
    $end            reduce using rule 10 (stmt -> IF expr THEN stmts ELSE stmts FI .)
    FI              reduce using rule 10 (stmt -> IF expr THEN stmts ELSE stmts FI .)
    ELSE            reduce using rule 10 (stmt -> IF expr THEN stmts ELSE stmts FI .)
    ELSEIF          reduce using rule 10 (stmt -> IF expr THEN stmts ELSE stmts FI .)
    ENDFOR          reduce using rule 10 (stmt -> IF expr THEN stmts ELSE stmts FI .)


state 112

    (12) stmt -> IF expr THEN stmts ELSEIF expr THEN . stmts ELSE stmts FI
    (1) stmts -> . stmt
    (2) stmts -> . stmts stmt
    (3) stmt -> . DEFINE ID LPAREN args RPAREN COLON stmts
    (4) stmt -> . BREAK
    (5) stmt -> . expr
    (8) stmt -> . FOR ID IN RANGE LPAREN NUMBER COMMA NUMBER COMMA NUMBER RPAREN COLON stmts ENDFOR
    (9) stmt -> . IF expr THEN stmts FI
    (10) stmt -> . IF expr THEN stmts ELSE stmts FI
    (11) stmt -> . IF expr FI
    (12) stmt -> . IF expr THEN stmts ELSEIF expr THEN stmts ELSE stmts FI
    (13) stmt -> . IF expr stmts FI
    (14) stmt -> . IF expr stmts ELSE stmts FI
    (15) stmt -> . IF expr stmts ELSE stmts
    (6) expr -> . expr UPDATE expr
    (7) expr -> . expr PLUS_EQUAL expr
    (16) expr -> . ID LPAREN args RPAREN
    (17) expr -> . ID LPAREN RPAREN
    (20) expr -> . expr LBRACE expr RBRACE
    (21) expr -> . expr LBRACE expr COLON expr RBRACE
    (22) expr -> . expr QUEST expr COLON expr
    (23) expr -> . NOT expr
    (24) expr -> . MINUS expr
    (25) expr -> . BITWISE_NOT expr
    (26) expr -> . expr BITWISE_AND expr
    (27) expr -> . expr BITWISE_OR expr
    (28) expr -> . expr OP expr
    (29) expr -> . expr PLUS expr
    (30) expr -> . expr MINUS expr
    (31) expr -> . expr TIMES expr
    (32) expr -> . expr DIV expr
    (33) expr -> . expr MOD expr
    (34) expr -> . expr AND expr
    (35) expr -> . expr OR expr
    (36) expr -> . expr LSHIFT expr
    (37) expr -> . expr RSHIFT expr
    (38) expr -> . expr LSHIFT_LOGICAL expr
    (39) expr -> . expr RSHIFT_LOGICAL expr
    (40) expr -> . expr GREATER expr
    (41) expr -> . expr LESS expr
    (42) expr -> . expr LESS_EQUAL expr
    (43) expr -> . expr GREATER_EQUAL expr
    (44) expr -> . expr EQUAL expr
    (45) expr -> . expr NOT_EQUAL expr
    (46) expr -> . expr XOR expr
    (47) expr -> . LPAREN expr RPAREN
    (48) expr -> . ID
    (49) expr -> . NUMBER

    DEFINE          shift and go to state 3
    BREAK           shift and go to state 6
    FOR             shift and go to state 8
    IF              shift and go to state 10
    ID              shift and go to state 4
    NOT             shift and go to state 11
    MINUS           shift and go to state 12
    BITWISE_NOT     shift and go to state 13
    LPAREN          shift and go to state 5
    NUMBER          shift and go to state 9

    expr                           shift and go to state 7
    stmts                          shift and go to state 114
    stmt                           shift and go to state 2

state 113

    (8) stmt -> FOR ID IN RANGE LPAREN NUMBER COMMA NUMBER . COMMA NUMBER RPAREN COLON stmts ENDFOR

    COMMA           shift and go to state 115


state 114

    (12) stmt -> IF expr THEN stmts ELSEIF expr THEN stmts . ELSE stmts FI
    (2) stmts -> stmts . stmt
    (3) stmt -> . DEFINE ID LPAREN args RPAREN COLON stmts
    (4) stmt -> . BREAK
    (5) stmt -> . expr
    (8) stmt -> . FOR ID IN RANGE LPAREN NUMBER COMMA NUMBER COMMA NUMBER RPAREN COLON stmts ENDFOR
    (9) stmt -> . IF expr THEN stmts FI
    (10) stmt -> . IF expr THEN stmts ELSE stmts FI
    (11) stmt -> . IF expr FI
    (12) stmt -> . IF expr THEN stmts ELSEIF expr THEN stmts ELSE stmts FI
    (13) stmt -> . IF expr stmts FI
    (14) stmt -> . IF expr stmts ELSE stmts FI
    (15) stmt -> . IF expr stmts ELSE stmts
    (6) expr -> . expr UPDATE expr
    (7) expr -> . expr PLUS_EQUAL expr
    (16) expr -> . ID LPAREN args RPAREN
    (17) expr -> . ID LPAREN RPAREN
    (20) expr -> . expr LBRACE expr RBRACE
    (21) expr -> . expr LBRACE expr COLON expr RBRACE
    (22) expr -> . expr QUEST expr COLON expr
    (23) expr -> . NOT expr
    (24) expr -> . MINUS expr
    (25) expr -> . BITWISE_NOT expr
    (26) expr -> . expr BITWISE_AND expr
    (27) expr -> . expr BITWISE_OR expr
    (28) expr -> . expr OP expr
    (29) expr -> . expr PLUS expr
    (30) expr -> . expr MINUS expr
    (31) expr -> . expr TIMES expr
    (32) expr -> . expr DIV expr
    (33) expr -> . expr MOD expr
    (34) expr -> . expr AND expr
    (35) expr -> . expr OR expr
    (36) expr -> . expr LSHIFT expr
    (37) expr -> . expr RSHIFT expr
    (38) expr -> . expr LSHIFT_LOGICAL expr
    (39) expr -> . expr RSHIFT_LOGICAL expr
    (40) expr -> . expr GREATER expr
    (41) expr -> . expr LESS expr
    (42) expr -> . expr LESS_EQUAL expr
    (43) expr -> . expr GREATER_EQUAL expr
    (44) expr -> . expr EQUAL expr
    (45) expr -> . expr NOT_EQUAL expr
    (46) expr -> . expr XOR expr
    (47) expr -> . LPAREN expr RPAREN
    (48) expr -> . ID
    (49) expr -> . NUMBER

    ELSE            shift and go to state 116
    DEFINE          shift and go to state 3
    BREAK           shift and go to state 6
    FOR             shift and go to state 8
    IF              shift and go to state 10
    ID              shift and go to state 4
    NOT             shift and go to state 11
    MINUS           shift and go to state 12
    BITWISE_NOT     shift and go to state 13
    LPAREN          shift and go to state 5
    NUMBER          shift and go to state 9

    expr                           shift and go to state 7
    stmt                           shift and go to state 14

state 115

    (8) stmt -> FOR ID IN RANGE LPAREN NUMBER COMMA NUMBER COMMA . NUMBER RPAREN COLON stmts ENDFOR

    NUMBER          shift and go to state 117


state 116

    (12) stmt -> IF expr THEN stmts ELSEIF expr THEN stmts ELSE . stmts FI
    (1) stmts -> . stmt
    (2) stmts -> . stmts stmt
    (3) stmt -> . DEFINE ID LPAREN args RPAREN COLON stmts
    (4) stmt -> . BREAK
    (5) stmt -> . expr
    (8) stmt -> . FOR ID IN RANGE LPAREN NUMBER COMMA NUMBER COMMA NUMBER RPAREN COLON stmts ENDFOR
    (9) stmt -> . IF expr THEN stmts FI
    (10) stmt -> . IF expr THEN stmts ELSE stmts FI
    (11) stmt -> . IF expr FI
    (12) stmt -> . IF expr THEN stmts ELSEIF expr THEN stmts ELSE stmts FI
    (13) stmt -> . IF expr stmts FI
    (14) stmt -> . IF expr stmts ELSE stmts FI
    (15) stmt -> . IF expr stmts ELSE stmts
    (6) expr -> . expr UPDATE expr
    (7) expr -> . expr PLUS_EQUAL expr
    (16) expr -> . ID LPAREN args RPAREN
    (17) expr -> . ID LPAREN RPAREN
    (20) expr -> . expr LBRACE expr RBRACE
    (21) expr -> . expr LBRACE expr COLON expr RBRACE
    (22) expr -> . expr QUEST expr COLON expr
    (23) expr -> . NOT expr
    (24) expr -> . MINUS expr
    (25) expr -> . BITWISE_NOT expr
    (26) expr -> . expr BITWISE_AND expr
    (27) expr -> . expr BITWISE_OR expr
    (28) expr -> . expr OP expr
    (29) expr -> . expr PLUS expr
    (30) expr -> . expr MINUS expr
    (31) expr -> . expr TIMES expr
    (32) expr -> . expr DIV expr
    (33) expr -> . expr MOD expr
    (34) expr -> . expr AND expr
    (35) expr -> . expr OR expr
    (36) expr -> . expr LSHIFT expr
    (37) expr -> . expr RSHIFT expr
    (38) expr -> . expr LSHIFT_LOGICAL expr
    (39) expr -> . expr RSHIFT_LOGICAL expr
    (40) expr -> . expr GREATER expr
    (41) expr -> . expr LESS expr
    (42) expr -> . expr LESS_EQUAL expr
    (43) expr -> . expr GREATER_EQUAL expr
    (44) expr -> . expr EQUAL expr
    (45) expr -> . expr NOT_EQUAL expr
    (46) expr -> . expr XOR expr
    (47) expr -> . LPAREN expr RPAREN
    (48) expr -> . ID
    (49) expr -> . NUMBER

    DEFINE          shift and go to state 3
    BREAK           shift and go to state 6
    FOR             shift and go to state 8
    IF              shift and go to state 10
    ID              shift and go to state 4
    NOT             shift and go to state 11
    MINUS           shift and go to state 12
    BITWISE_NOT     shift and go to state 13
    LPAREN          shift and go to state 5
    NUMBER          shift and go to state 9

    expr                           shift and go to state 7
    stmts                          shift and go to state 118
    stmt                           shift and go to state 2

state 117

    (8) stmt -> FOR ID IN RANGE LPAREN NUMBER COMMA NUMBER COMMA NUMBER . RPAREN COLON stmts ENDFOR

    RPAREN          shift and go to state 119


state 118

    (12) stmt -> IF expr THEN stmts ELSEIF expr THEN stmts ELSE stmts . FI
    (2) stmts -> stmts . stmt
    (3) stmt -> . DEFINE ID LPAREN args RPAREN COLON stmts
    (4) stmt -> . BREAK
    (5) stmt -> . expr
    (8) stmt -> . FOR ID IN RANGE LPAREN NUMBER COMMA NUMBER COMMA NUMBER RPAREN COLON stmts ENDFOR
    (9) stmt -> . IF expr THEN stmts FI
    (10) stmt -> . IF expr THEN stmts ELSE stmts FI
    (11) stmt -> . IF expr FI
    (12) stmt -> . IF expr THEN stmts ELSEIF expr THEN stmts ELSE stmts FI
    (13) stmt -> . IF expr stmts FI
    (14) stmt -> . IF expr stmts ELSE stmts FI
    (15) stmt -> . IF expr stmts ELSE stmts
    (6) expr -> . expr UPDATE expr
    (7) expr -> . expr PLUS_EQUAL expr
    (16) expr -> . ID LPAREN args RPAREN
    (17) expr -> . ID LPAREN RPAREN
    (20) expr -> . expr LBRACE expr RBRACE
    (21) expr -> . expr LBRACE expr COLON expr RBRACE
    (22) expr -> . expr QUEST expr COLON expr
    (23) expr -> . NOT expr
    (24) expr -> . MINUS expr
    (25) expr -> . BITWISE_NOT expr
    (26) expr -> . expr BITWISE_AND expr
    (27) expr -> . expr BITWISE_OR expr
    (28) expr -> . expr OP expr
    (29) expr -> . expr PLUS expr
    (30) expr -> . expr MINUS expr
    (31) expr -> . expr TIMES expr
    (32) expr -> . expr DIV expr
    (33) expr -> . expr MOD expr
    (34) expr -> . expr AND expr
    (35) expr -> . expr OR expr
    (36) expr -> . expr LSHIFT expr
    (37) expr -> . expr RSHIFT expr
    (38) expr -> . expr LSHIFT_LOGICAL expr
    (39) expr -> . expr RSHIFT_LOGICAL expr
    (40) expr -> . expr GREATER expr
    (41) expr -> . expr LESS expr
    (42) expr -> . expr LESS_EQUAL expr
    (43) expr -> . expr GREATER_EQUAL expr
    (44) expr -> . expr EQUAL expr
    (45) expr -> . expr NOT_EQUAL expr
    (46) expr -> . expr XOR expr
    (47) expr -> . LPAREN expr RPAREN
    (48) expr -> . ID
    (49) expr -> . NUMBER

    FI              shift and go to state 120
    DEFINE          shift and go to state 3
    BREAK           shift and go to state 6
    FOR             shift and go to state 8
    IF              shift and go to state 10
    ID              shift and go to state 4
    NOT             shift and go to state 11
    MINUS           shift and go to state 12
    BITWISE_NOT     shift and go to state 13
    LPAREN          shift and go to state 5
    NUMBER          shift and go to state 9

    expr                           shift and go to state 7
    stmt                           shift and go to state 14

state 119

    (8) stmt -> FOR ID IN RANGE LPAREN NUMBER COMMA NUMBER COMMA NUMBER RPAREN . COLON stmts ENDFOR

    COLON           shift and go to state 121


state 120

    (12) stmt -> IF expr THEN stmts ELSEIF expr THEN stmts ELSE stmts FI .

    DEFINE          reduce using rule 12 (stmt -> IF expr THEN stmts ELSEIF expr THEN stmts ELSE stmts FI .)
    BREAK           reduce using rule 12 (stmt -> IF expr THEN stmts ELSEIF expr THEN stmts ELSE stmts FI .)
    FOR             reduce using rule 12 (stmt -> IF expr THEN stmts ELSEIF expr THEN stmts ELSE stmts FI .)
    IF              reduce using rule 12 (stmt -> IF expr THEN stmts ELSEIF expr THEN stmts ELSE stmts FI .)
    ID              reduce using rule 12 (stmt -> IF expr THEN stmts ELSEIF expr THEN stmts ELSE stmts FI .)
    NOT             reduce using rule 12 (stmt -> IF expr THEN stmts ELSEIF expr THEN stmts ELSE stmts FI .)
    MINUS           reduce using rule 12 (stmt -> IF expr THEN stmts ELSEIF expr THEN stmts ELSE stmts FI .)
    BITWISE_NOT     reduce using rule 12 (stmt -> IF expr THEN stmts ELSEIF expr THEN stmts ELSE stmts FI .)
    LPAREN          reduce using rule 12 (stmt -> IF expr THEN stmts ELSEIF expr THEN stmts ELSE stmts FI .)
    NUMBER          reduce using rule 12 (stmt -> IF expr THEN stmts ELSEIF expr THEN stmts ELSE stmts FI .)
    $end            reduce using rule 12 (stmt -> IF expr THEN stmts ELSEIF expr THEN stmts ELSE stmts FI .)
    FI              reduce using rule 12 (stmt -> IF expr THEN stmts ELSEIF expr THEN stmts ELSE stmts FI .)
    ELSE            reduce using rule 12 (stmt -> IF expr THEN stmts ELSEIF expr THEN stmts ELSE stmts FI .)
    ELSEIF          reduce using rule 12 (stmt -> IF expr THEN stmts ELSEIF expr THEN stmts ELSE stmts FI .)
    ENDFOR          reduce using rule 12 (stmt -> IF expr THEN stmts ELSEIF expr THEN stmts ELSE stmts FI .)


state 121

    (8) stmt -> FOR ID IN RANGE LPAREN NUMBER COMMA NUMBER COMMA NUMBER RPAREN COLON . stmts ENDFOR
    (1) stmts -> . stmt
    (2) stmts -> . stmts stmt
    (3) stmt -> . DEFINE ID LPAREN args RPAREN COLON stmts
    (4) stmt -> . BREAK
    (5) stmt -> . expr
    (8) stmt -> . FOR ID IN RANGE LPAREN NUMBER COMMA NUMBER COMMA NUMBER RPAREN COLON stmts ENDFOR
    (9) stmt -> . IF expr THEN stmts FI
    (10) stmt -> . IF expr THEN stmts ELSE stmts FI
    (11) stmt -> . IF expr FI
    (12) stmt -> . IF expr THEN stmts ELSEIF expr THEN stmts ELSE stmts FI
    (13) stmt -> . IF expr stmts FI
    (14) stmt -> . IF expr stmts ELSE stmts FI
    (15) stmt -> . IF expr stmts ELSE stmts
    (6) expr -> . expr UPDATE expr
    (7) expr -> . expr PLUS_EQUAL expr
    (16) expr -> . ID LPAREN args RPAREN
    (17) expr -> . ID LPAREN RPAREN
    (20) expr -> . expr LBRACE expr RBRACE
    (21) expr -> . expr LBRACE expr COLON expr RBRACE
    (22) expr -> . expr QUEST expr COLON expr
    (23) expr -> . NOT expr
    (24) expr -> . MINUS expr
    (25) expr -> . BITWISE_NOT expr
    (26) expr -> . expr BITWISE_AND expr
    (27) expr -> . expr BITWISE_OR expr
    (28) expr -> . expr OP expr
    (29) expr -> . expr PLUS expr
    (30) expr -> . expr MINUS expr
    (31) expr -> . expr TIMES expr
    (32) expr -> . expr DIV expr
    (33) expr -> . expr MOD expr
    (34) expr -> . expr AND expr
    (35) expr -> . expr OR expr
    (36) expr -> . expr LSHIFT expr
    (37) expr -> . expr RSHIFT expr
    (38) expr -> . expr LSHIFT_LOGICAL expr
    (39) expr -> . expr RSHIFT_LOGICAL expr
    (40) expr -> . expr GREATER expr
    (41) expr -> . expr LESS expr
    (42) expr -> . expr LESS_EQUAL expr
    (43) expr -> . expr GREATER_EQUAL expr
    (44) expr -> . expr EQUAL expr
    (45) expr -> . expr NOT_EQUAL expr
    (46) expr -> . expr XOR expr
    (47) expr -> . LPAREN expr RPAREN
    (48) expr -> . ID
    (49) expr -> . NUMBER

    DEFINE          shift and go to state 3
    BREAK           shift and go to state 6
    FOR             shift and go to state 8
    IF              shift and go to state 10
    ID              shift and go to state 4
    NOT             shift and go to state 11
    MINUS           shift and go to state 12
    BITWISE_NOT     shift and go to state 13
    LPAREN          shift and go to state 5
    NUMBER          shift and go to state 9

    stmts                          shift and go to state 122
    stmt                           shift and go to state 2
    expr                           shift and go to state 7

state 122

    (8) stmt -> FOR ID IN RANGE LPAREN NUMBER COMMA NUMBER COMMA NUMBER RPAREN COLON stmts . ENDFOR
    (2) stmts -> stmts . stmt
    (3) stmt -> . DEFINE ID LPAREN args RPAREN COLON stmts
    (4) stmt -> . BREAK
    (5) stmt -> . expr
    (8) stmt -> . FOR ID IN RANGE LPAREN NUMBER COMMA NUMBER COMMA NUMBER RPAREN COLON stmts ENDFOR
    (9) stmt -> . IF expr THEN stmts FI
    (10) stmt -> . IF expr THEN stmts ELSE stmts FI
    (11) stmt -> . IF expr FI
    (12) stmt -> . IF expr THEN stmts ELSEIF expr THEN stmts ELSE stmts FI
    (13) stmt -> . IF expr stmts FI
    (14) stmt -> . IF expr stmts ELSE stmts FI
    (15) stmt -> . IF expr stmts ELSE stmts
    (6) expr -> . expr UPDATE expr
    (7) expr -> . expr PLUS_EQUAL expr
    (16) expr -> . ID LPAREN args RPAREN
    (17) expr -> . ID LPAREN RPAREN
    (20) expr -> . expr LBRACE expr RBRACE
    (21) expr -> . expr LBRACE expr COLON expr RBRACE
    (22) expr -> . expr QUEST expr COLON expr
    (23) expr -> . NOT expr
    (24) expr -> . MINUS expr
    (25) expr -> . BITWISE_NOT expr
    (26) expr -> . expr BITWISE_AND expr
    (27) expr -> . expr BITWISE_OR expr
    (28) expr -> . expr OP expr
    (29) expr -> . expr PLUS expr
    (30) expr -> . expr MINUS expr
    (31) expr -> . expr TIMES expr
    (32) expr -> . expr DIV expr
    (33) expr -> . expr MOD expr
    (34) expr -> . expr AND expr
    (35) expr -> . expr OR expr
    (36) expr -> . expr LSHIFT expr
    (37) expr -> . expr RSHIFT expr
    (38) expr -> . expr LSHIFT_LOGICAL expr
    (39) expr -> . expr RSHIFT_LOGICAL expr
    (40) expr -> . expr GREATER expr
    (41) expr -> . expr LESS expr
    (42) expr -> . expr LESS_EQUAL expr
    (43) expr -> . expr GREATER_EQUAL expr
    (44) expr -> . expr EQUAL expr
    (45) expr -> . expr NOT_EQUAL expr
    (46) expr -> . expr XOR expr
    (47) expr -> . LPAREN expr RPAREN
    (48) expr -> . ID
    (49) expr -> . NUMBER

    ENDFOR          shift and go to state 123
    DEFINE          shift and go to state 3
    BREAK           shift and go to state 6
    FOR             shift and go to state 8
    IF              shift and go to state 10
    ID              shift and go to state 4
    NOT             shift and go to state 11
    MINUS           shift and go to state 12
    BITWISE_NOT     shift and go to state 13
    LPAREN          shift and go to state 5
    NUMBER          shift and go to state 9

    stmt                           shift and go to state 14
    expr                           shift and go to state 7

state 123

    (8) stmt -> FOR ID IN RANGE LPAREN NUMBER COMMA NUMBER COMMA NUMBER RPAREN COLON stmts ENDFOR .

    DEFINE          reduce using rule 8 (stmt -> FOR ID IN RANGE LPAREN NUMBER COMMA NUMBER COMMA NUMBER RPAREN COLON stmts ENDFOR .)
    BREAK           reduce using rule 8 (stmt -> FOR ID IN RANGE LPAREN NUMBER COMMA NUMBER COMMA NUMBER RPAREN COLON stmts ENDFOR .)
    FOR             reduce using rule 8 (stmt -> FOR ID IN RANGE LPAREN NUMBER COMMA NUMBER COMMA NUMBER RPAREN COLON stmts ENDFOR .)
    IF              reduce using rule 8 (stmt -> FOR ID IN RANGE LPAREN NUMBER COMMA NUMBER COMMA NUMBER RPAREN COLON stmts ENDFOR .)
    ID              reduce using rule 8 (stmt -> FOR ID IN RANGE LPAREN NUMBER COMMA NUMBER COMMA NUMBER RPAREN COLON stmts ENDFOR .)
    NOT             reduce using rule 8 (stmt -> FOR ID IN RANGE LPAREN NUMBER COMMA NUMBER COMMA NUMBER RPAREN COLON stmts ENDFOR .)
    MINUS           reduce using rule 8 (stmt -> FOR ID IN RANGE LPAREN NUMBER COMMA NUMBER COMMA NUMBER RPAREN COLON stmts ENDFOR .)
    BITWISE_NOT     reduce using rule 8 (stmt -> FOR ID IN RANGE LPAREN NUMBER COMMA NUMBER COMMA NUMBER RPAREN COLON stmts ENDFOR .)
    LPAREN          reduce using rule 8 (stmt -> FOR ID IN RANGE LPAREN NUMBER COMMA NUMBER COMMA NUMBER RPAREN COLON stmts ENDFOR .)
    NUMBER          reduce using rule 8 (stmt -> FOR ID IN RANGE LPAREN NUMBER COMMA NUMBER COMMA NUMBER RPAREN COLON stmts ENDFOR .)
    $end            reduce using rule 8 (stmt -> FOR ID IN RANGE LPAREN NUMBER COMMA NUMBER COMMA NUMBER RPAREN COLON stmts ENDFOR .)
    FI              reduce using rule 8 (stmt -> FOR ID IN RANGE LPAREN NUMBER COMMA NUMBER COMMA NUMBER RPAREN COLON stmts ENDFOR .)
    ELSE            reduce using rule 8 (stmt -> FOR ID IN RANGE LPAREN NUMBER COMMA NUMBER COMMA NUMBER RPAREN COLON stmts ENDFOR .)
    ELSEIF          reduce using rule 8 (stmt -> FOR ID IN RANGE LPAREN NUMBER COMMA NUMBER COMMA NUMBER RPAREN COLON stmts ENDFOR .)
    ENDFOR          reduce using rule 8 (stmt -> FOR ID IN RANGE LPAREN NUMBER COMMA NUMBER COMMA NUMBER RPAREN COLON stmts ENDFOR .)

WARNING: 
WARNING: Conflicts:
WARNING: 
WARNING: shift/reduce conflict for LPAREN in state 4 resolved as shift
WARNING: shift/reduce conflict for MINUS in state 7 resolved as shift
WARNING: shift/reduce conflict for UPDATE in state 53 resolved as shift
WARNING: shift/reduce conflict for PLUS_EQUAL in state 53 resolved as shift
WARNING: shift/reduce conflict for LBRACE in state 53 resolved as shift
WARNING: shift/reduce conflict for QUEST in state 53 resolved as shift
WARNING: shift/reduce conflict for BITWISE_AND in state 53 resolved as shift
WARNING: shift/reduce conflict for BITWISE_OR in state 53 resolved as shift
WARNING: shift/reduce conflict for OP in state 53 resolved as shift
WARNING: shift/reduce conflict for PLUS in state 53 resolved as shift
WARNING: shift/reduce conflict for MINUS in state 53 resolved as shift
WARNING: shift/reduce conflict for TIMES in state 53 resolved as shift
WARNING: shift/reduce conflict for DIV in state 53 resolved as shift
WARNING: shift/reduce conflict for MOD in state 53 resolved as shift
WARNING: shift/reduce conflict for AND in state 53 resolved as shift
WARNING: shift/reduce conflict for OR in state 53 resolved as shift
WARNING: shift/reduce conflict for LSHIFT in state 53 resolved as shift
WARNING: shift/reduce conflict for RSHIFT in state 53 resolved as shift
WARNING: shift/reduce conflict for LSHIFT_LOGICAL in state 53 resolved as shift
WARNING: shift/reduce conflict for RSHIFT_LOGICAL in state 53 resolved as shift
WARNING: shift/reduce conflict for GREATER in state 53 resolved as shift
WARNING: shift/reduce conflict for LESS in state 53 resolved as shift
WARNING: shift/reduce conflict for LESS_EQUAL in state 53 resolved as shift
WARNING: shift/reduce conflict for GREATER_EQUAL in state 53 resolved as shift
WARNING: shift/reduce conflict for EQUAL in state 53 resolved as shift
WARNING: shift/reduce conflict for NOT_EQUAL in state 53 resolved as shift
WARNING: shift/reduce conflict for XOR in state 53 resolved as shift
WARNING: shift/reduce conflict for UPDATE in state 54 resolved as shift
WARNING: shift/reduce conflict for PLUS_EQUAL in state 54 resolved as shift
WARNING: shift/reduce conflict for LBRACE in state 54 resolved as shift
WARNING: shift/reduce conflict for QUEST in state 54 resolved as shift
WARNING: shift/reduce conflict for BITWISE_AND in state 54 resolved as shift
WARNING: shift/reduce conflict for BITWISE_OR in state 54 resolved as shift
WARNING: shift/reduce conflict for OP in state 54 resolved as shift
WARNING: shift/reduce conflict for PLUS in state 54 resolved as shift
WARNING: shift/reduce conflict for MINUS in state 54 resolved as shift
WARNING: shift/reduce conflict for TIMES in state 54 resolved as shift
WARNING: shift/reduce conflict for DIV in state 54 resolved as shift
WARNING: shift/reduce conflict for MOD in state 54 resolved as shift
WARNING: shift/reduce conflict for AND in state 54 resolved as shift
WARNING: shift/reduce conflict for OR in state 54 resolved as shift
WARNING: shift/reduce conflict for LSHIFT in state 54 resolved as shift
WARNING: shift/reduce conflict for RSHIFT in state 54 resolved as shift
WARNING: shift/reduce conflict for LSHIFT_LOGICAL in state 54 resolved as shift
WARNING: shift/reduce conflict for RSHIFT_LOGICAL in state 54 resolved as shift
WARNING: shift/reduce conflict for GREATER in state 54 resolved as shift
WARNING: shift/reduce conflict for LESS in state 54 resolved as shift
WARNING: shift/reduce conflict for LESS_EQUAL in state 54 resolved as shift
WARNING: shift/reduce conflict for GREATER_EQUAL in state 54 resolved as shift
WARNING: shift/reduce conflict for EQUAL in state 54 resolved as shift
WARNING: shift/reduce conflict for NOT_EQUAL in state 54 resolved as shift
WARNING: shift/reduce conflict for XOR in state 54 resolved as shift
WARNING: shift/reduce conflict for UPDATE in state 59 resolved as shift
WARNING: shift/reduce conflict for PLUS_EQUAL in state 59 resolved as shift
WARNING: shift/reduce conflict for LBRACE in state 59 resolved as shift
WARNING: shift/reduce conflict for QUEST in state 59 resolved as shift
WARNING: shift/reduce conflict for BITWISE_AND in state 59 resolved as shift
WARNING: shift/reduce conflict for BITWISE_OR in state 59 resolved as shift
WARNING: shift/reduce conflict for OP in state 59 resolved as shift
WARNING: shift/reduce conflict for PLUS in state 59 resolved as shift
WARNING: shift/reduce conflict for MINUS in state 59 resolved as shift
WARNING: shift/reduce conflict for TIMES in state 59 resolved as shift
WARNING: shift/reduce conflict for DIV in state 59 resolved as shift
WARNING: shift/reduce conflict for MOD in state 59 resolved as shift
WARNING: shift/reduce conflict for AND in state 59 resolved as shift
WARNING: shift/reduce conflict for OR in state 59 resolved as shift
WARNING: shift/reduce conflict for LSHIFT in state 59 resolved as shift
WARNING: shift/reduce conflict for RSHIFT in state 59 resolved as shift
WARNING: shift/reduce conflict for LSHIFT_LOGICAL in state 59 resolved as shift
WARNING: shift/reduce conflict for RSHIFT_LOGICAL in state 59 resolved as shift
WARNING: shift/reduce conflict for GREATER in state 59 resolved as shift
WARNING: shift/reduce conflict for LESS in state 59 resolved as shift
WARNING: shift/reduce conflict for LESS_EQUAL in state 59 resolved as shift
WARNING: shift/reduce conflict for GREATER_EQUAL in state 59 resolved as shift
WARNING: shift/reduce conflict for EQUAL in state 59 resolved as shift
WARNING: shift/reduce conflict for NOT_EQUAL in state 59 resolved as shift
WARNING: shift/reduce conflict for XOR in state 59 resolved as shift
WARNING: shift/reduce conflict for UPDATE in state 97 resolved as shift
WARNING: shift/reduce conflict for PLUS_EQUAL in state 97 resolved as shift
WARNING: shift/reduce conflict for LBRACE in state 97 resolved as shift
WARNING: shift/reduce conflict for QUEST in state 97 resolved as shift
WARNING: shift/reduce conflict for BITWISE_AND in state 97 resolved as shift
WARNING: shift/reduce conflict for BITWISE_OR in state 97 resolved as shift
WARNING: shift/reduce conflict for OP in state 97 resolved as shift
WARNING: shift/reduce conflict for PLUS in state 97 resolved as shift
WARNING: shift/reduce conflict for MINUS in state 97 resolved as shift
WARNING: shift/reduce conflict for TIMES in state 97 resolved as shift
WARNING: shift/reduce conflict for DIV in state 97 resolved as shift
WARNING: shift/reduce conflict for MOD in state 97 resolved as shift
WARNING: shift/reduce conflict for AND in state 97 resolved as shift
WARNING: shift/reduce conflict for OR in state 97 resolved as shift
WARNING: shift/reduce conflict for LSHIFT in state 97 resolved as shift
WARNING: shift/reduce conflict for RSHIFT in state 97 resolved as shift
WARNING: shift/reduce conflict for LSHIFT_LOGICAL in state 97 resolved as shift
WARNING: shift/reduce conflict for RSHIFT_LOGICAL in state 97 resolved as shift
WARNING: shift/reduce conflict for GREATER in state 97 resolved as shift
WARNING: shift/reduce conflict for LESS in state 97 resolved as shift
WARNING: shift/reduce conflict for LESS_EQUAL in state 97 resolved as shift
WARNING: shift/reduce conflict for GREATER_EQUAL in state 97 resolved as shift
WARNING: shift/reduce conflict for EQUAL in state 97 resolved as shift
WARNING: shift/reduce conflict for NOT_EQUAL in state 97 resolved as shift
WARNING: shift/reduce conflict for XOR in state 97 resolved as shift
WARNING: shift/reduce conflict for FI in state 102 resolved as shift
WARNING: shift/reduce conflict for DEFINE in state 102 resolved as shift
WARNING: shift/reduce conflict for BREAK in state 102 resolved as shift
WARNING: shift/reduce conflict for FOR in state 102 resolved as shift
WARNING: shift/reduce conflict for IF in state 102 resolved as shift
WARNING: shift/reduce conflict for ID in state 102 resolved as shift
WARNING: shift/reduce conflict for NOT in state 102 resolved as shift
WARNING: shift/reduce conflict for MINUS in state 102 resolved as shift
WARNING: shift/reduce conflict for BITWISE_NOT in state 102 resolved as shift
WARNING: shift/reduce conflict for LPAREN in state 102 resolved as shift
WARNING: shift/reduce conflict for NUMBER in state 102 resolved as shift
WARNING: shift/reduce conflict for DEFINE in state 109 resolved as shift
WARNING: shift/reduce conflict for BREAK in state 109 resolved as shift
WARNING: shift/reduce conflict for FOR in state 109 resolved as shift
WARNING: shift/reduce conflict for IF in state 109 resolved as shift
WARNING: shift/reduce conflict for ID in state 109 resolved as shift
WARNING: shift/reduce conflict for NOT in state 109 resolved as shift
WARNING: shift/reduce conflict for MINUS in state 109 resolved as shift
WARNING: shift/reduce conflict for BITWISE_NOT in state 109 resolved as shift
WARNING: shift/reduce conflict for LPAREN in state 109 resolved as shift
WARNING: shift/reduce conflict for NUMBER in state 109 resolved as shift
WARNING: reduce/reduce conflict in state 93 resolved using rule (expr -> MINUS expr)
WARNING: rejected rule (expr -> expr MINUS expr) in state 93
